Payment_ID,Payment_Date,Month,Student_ID,Subject,Level,Tutor,Payment_Method,Course_Fee,Discount,Amount_Paid,Payment_Status,Student_Status,Year,Quarter,Month_Name,Week,Day
PAY01001,11/24/2025,November,STU0115,IELTS,Advanced,Sarah,Cash,500000,0,500000,Paid,Active,2025,4,November,48,Monday
PAY01002,10/30/2025,October,STU0120,English,Advanced,Linda,Cash,500000,0,500000,Paid,Active,2025,4,October,44,Thursday
PAY01003,4/23/2025,April,STU0004,IELTS,Advanced,John,Bank Transfer,5000000,50000,4950000,Unpaid,Inactive,2025,2,April,17,Wednesday
PAY01004,4/21/2025,April,STU0184,Grammar,Advanced,David,Unknown,500000,0,500000,Paid,Active,2025,2,April,17,Monday
PAY01005,10/2/2025,October,STU0425,Grammar,Advanced,Linda,Cash,750000,0,750000,Paid,Active,2025,4,October,40,Thursday
PAY01006,12/5/2025,December,STU0444,Math,Intermediate,David,Bank Transfer,700000,0,700000,Paid,Active,2025,4,December,49,Friday
PAY01007,3/25/2025,March,STU0360,Math,Advanced,Michael,E-Wallet,700000,25000,675000,Paid,Inactive,2025,1,March,13,Tuesday
PAY01008,3/25/2025,March,STU0328,TOEFL,Advanced,Emily,Unknown,750000,50000,700000,Paid,Inactive,2025,1,March,13,Tuesday
PAY01009,1/17/2025,January,STU0468,Grammar,Beginner,John,Bank Transfer,750000,50000,700000,Paid,Active,2025,1,January,3,Friday
PAY01010,3/15/2025,March,STU0276,Speaking,Advanced,Unknown,Bank Transfer,650000,25000,625000,Paid,Active,2025,1,March,11,Saturday
PAY01011,7/5/2025,July,STU0387,English,Beginner,Michael,Cash,650000,-50000,700000,Paid,Active,2025,3,July,27,Saturday
PAY01012,11/2/2025,November,STU0240,Speaking,Advanced,John,Cash,750000,100000,650000,Paid,Active,2025,4,November,44,Sunday
PAY01013,12/16/2025,December,STU0081,English,Beginner,David,E-Wallet,700000,0,700000,Paid,Active,2025,4,December,51,Tuesday
PAY01014,11/17/2025,November,STU0192,IELTS,Advanced,Sarah,Cash,5000000,-50000,5050000,Paid,Active,2025,4,November,47,Monday
PAY01015,9/8/2025,September,STU0426,Speaking,Beginner,John,Bank Transfer,500000,50000,450000,Paid,Active,2025,3,September,37,Monday
PAY01016,2/13/2025,February,STU0066,English,Advanced,Michael,Bank Transfer,500000,-50000,550000,Paid,Active,2025,1,February,7,Thursday
PAY01017,4/19/2025,April,STU0333,Grammar,Intermediate,Sarah,Bank Transfer,700000,100000,600000,Paid,Inactive,2025,2,April,16,Saturday
PAY01018,4/26/2025,April,STU0118,TOEFL,Beginner,Sarah,Cash,700000,0,700000,Paid,Active,2025,2,April,17,Saturday
PAY01019,4/28/2025,April,STU0122,Speaking,Advanced,John,Bank Transfer,500000,50000,450000,Paid,Inactive,2025,2,April,18,Monday
PAY01020,10/20/2025,October,STU0098,Math,Beginner,John,Bank Transfer,650000,100000,550000,Unpaid,Active,2025,4,October,43,Monday
PAY01021,8/28/2025,August,STU0174,Math,Beginner,Linda,Bank Transfer,500000,0,500000,Paid,Active,2025,3,August,35,Thursday
PAY01022,3/13/2025,March,STU0448,Math,Intermediate,Sarah,Cash,650000,50000,600000,Paid,Active,2025,1,March,11,Thursday
PAY01023,2/17/2025,February,STU0110,English,Beginner,Michael,Bank Transfer,650000,100000,550000,Paid,Active,2025,1,February,8,Monday
PAY01024,5/16/2025,May,STU0375,English,Beginner,Linda,Bank Transfer,700000,100000,600000,Paid,Active,2025,2,May,20,Friday
PAY01025,10/24/2025,October,STU0245,IELTS,Beginner,Sarah,Cash,700000,0,700000,Paid,Active,2025,4,October,43,Friday
PAY01026,11/1/2025,November,STU0456,TOEFL,Advanced,Unknown,Cash,650000,100000,550000,Paid,Active,2025,4,November,44,Saturday
PAY01027,8/3/2025,August,STU0161,TOEFL,Intermediate,John,Bank Transfer,700000,25000,675000,Paid,Active,2025,3,August,31,Sunday
PAY01028,8/23/2025,August,STU0289,Math,Beginner,Sarah,Bank Transfer,500000,0,500000,Paid,Active,2025,3,August,34,Saturday
PAY01029,3/9/2025,March,STU0081,English,Advanced,David,E-Wallet,500000,25000,475000,Paid,Active,2025,1,March,10,Sunday
PAY01030,12/8/2025,December,STU0456,Math,Advanced,Sarah,Bank Transfer,500000,25000,475000,Unpaid,Active,2025,4,December,50,Monday
PAY01031,11/6/2025,November,STU0437,Speaking,Advanced,John,Bank Transfer,700000,25000,675000,Paid,Active,2025,4,November,45,Thursday
PAY01032,11/21/2025,November,STU0395,IELTS,Advanced,David,Bank Transfer,700000,0,-700000,Paid,Active,2025,4,November,47,Friday
PAY01033,10/10/2025,October,STU0484,IELTS,Advanced,John,Unknown,5000000,0,5000000,Unpaid,Inactive,2025,4,October,41,Friday
PAY01034,8/9/2025,August,STU0478,English,Intermediate,Linda,Cash,500000,50000,450000,Paid,Active,2025,3,August,32,Saturday
PAY01035,7/1/2025,July,STU0477,TOEFL,Beginner,Michael,Bank Transfer,5000000,0,5000000,Paid,Inactive,2025,3,July,27,Tuesday
PAY01036,6/20/2025,June,STU0360,Math,Intermediate,John,Unknown,650000,50000,600000,Unpaid,Inactive,2025,2,June,25,Friday
PAY01037,4/13/2025,April,STU0447,TOEFL,Beginner,John,Cash,700000,50000,650000,Paid,Active,2025,2,April,15,Sunday
PAY01038,6/18/2025,June,STU0261,English,Advanced,Sarah,Bank Transfer,500000,50000,450000,Paid,Active,2025,2,June,25,Wednesday
PAY01039,5/14/2025,May,STU0306,English,Intermediate,Emily,Bank Transfer,5000000,50000,4950000,Paid,Active,2025,2,May,20,Wednesday
PAY01040,7/17/2025,July,STU0001,TOEFL,Intermediate,John,Cash,700000,0,700000,Paid,Active,2025,3,July,29,Thursday
PAY01041,11/16/2025,November,STU0260,Speaking,Advanced,John,Bank Transfer,500000,0,500000,Unpaid,Active,2025,4,November,46,Sunday
PAY01042,10/11/2025,October,STU0195,IELTS,Advanced,Unknown,Bank Transfer,650000,100000,550000,Unpaid,Active,2025,4,October,41,Saturday
PAY01043,6/5/2025,June,STU0311,Grammar,Intermediate,John,Bank Transfer,650000,100000,550000,Paid,Inactive,2025,2,June,23,Thursday
PAY01044,9/19/2025,September,STU0264,Grammar,Beginner,Linda,Cash,650000,0,650000,Unpaid,Inactive,2025,3,September,38,Friday
PAY01045,4/12/2025,April,STU0244,Math,Intermediate,John,Cash,500000,0,500000,Paid,Inactive,2025,2,April,15,Saturday
PAY01046,12/23/2025,December,STU0336,English,Beginner,John,Bank Transfer,750000,100000,650000,Paid,Active,2025,4,December,52,Tuesday
PAY01047,1/26/2025,January,STU0238,Grammar,Intermediate,Unknown,Unknown,500000,100000,400000,Paid,Active,2025,1,January,4,Sunday
PAY01048,10/8/2025,October,STU0231,Speaking,Beginner,David,Unknown,650000,0,650000,Paid,Active,2025,4,October,41,Wednesday
PAY01049,11/17/2025,November,STU0147,TOEFL,Intermediate,Emily,Bank Transfer,700000,100000,600000,Paid,Active,2025,4,November,47,Monday
PAY01050,3/12/2025,March,STU0362,TOEFL,Beginner,John,Bank Transfer,650000,100000,550000,Unpaid,Active,2025,1,March,11,Wednesday
PAY01051,8/1/2025,August,STU0395,English,Advanced,John,Bank Transfer,650000,100000,550000,Paid,Active,2025,3,August,31,Friday
PAY01052,6/2/2025,June,STU0280,TOEFL,Intermediate,Linda,Bank Transfer,750000,-50000,800000,Unpaid,Active,2025,2,June,23,Monday
PAY01053,1/15/2025,January,STU0208,IELTS,Intermediate,Michael,E-Wallet,700000,0,700000,Paid,Active,2025,1,January,3,Wednesday
PAY01054,7/21/2025,July,STU0444,English,Beginner,John,Bank Transfer,500000,0,500000,Unpaid,Active,2025,3,July,30,Monday
PAY01055,4/19/2025,April,STU0195,Speaking,Intermediate,David,Unknown,700000,50000,650000,Paid,Active,2025,2,April,16,Saturday
PAY01056,1/10/2025,January,STU0400,English,Beginner,Linda,Bank Transfer,700000,25000,675000,Paid,Inactive,2025,1,January,2,Friday
PAY01057,5/3/2025,May,STU0486,TOEFL,Intermediate,David,Unknown,750000,0,750000,Unpaid,Inactive,2025,2,May,18,Saturday
PAY01058,11/7/2025,November,STU0014,Speaking,Advanced,John,Bank Transfer,650000,50000,600000,Paid,Inactive,2025,4,November,45,Friday
PAY01059,2/8/2025,February,STU0436,Math,Advanced,John,Bank Transfer,500000,0,500000,Paid,Active,2025,1,February,6,Saturday
PAY01060,12/5/2025,December,STU0007,English,Intermediate,Sarah,Bank Transfer,500000,-50000,550000,Unpaid,Active,2025,4,December,49,Friday
PAY01061,12/29/2025,December,STU0495,Speaking,Advanced,Sarah,Unknown,750000,25000,725000,Unpaid,Active,2025,4,December,1,Monday
PAY01062,8/12/2025,August,STU0045,Speaking,Intermediate,Linda,Unknown,700000,25000,675000,Unpaid,Active,2025,3,August,33,Tuesday
PAY01063,6/22/2025,June,STU0109,Grammar,Intermediate,Emily,Bank Transfer,750000,50000,700000,Paid,Active,2025,2,June,25,Sunday
PAY01064,10/12/2025,October,STU0369,English,Intermediate,Sarah,Unknown,5000000,25000,4975000,Paid,Active,2025,4,October,41,Sunday
PAY01065,11/27/2025,November,STU0114,English,Advanced,Linda,Bank Transfer,750000,0,750000,Paid,Active,2025,4,November,48,Thursday
PAY01066,8/31/2025,August,STU0181,English,Intermediate,David,Bank Transfer,750000,0,750000,Paid,Active,2025,3,August,35,Sunday
PAY01067,4/9/2025,April,STU0391,IELTS,Beginner,Linda,Cash,500000,0,500000,Unpaid,Active,2025,2,April,15,Wednesday
PAY01068,10/29/2025,October,STU0185,IELTS,Intermediate,John,Cash,500000,25000,475000,Paid,Inactive,2025,4,October,44,Wednesday
PAY01069,5/21/2025,May,STU0484,IELTS,Advanced,John,Cash,500000,-50000,550000,Paid,Active,2025,2,May,21,Wednesday
PAY01070,8/29/2025,August,STU0027,Speaking,Intermediate,Sarah,Unknown,750000,50000,700000,Paid,Active,2025,3,August,35,Friday
PAY01071,9/9/2025,September,STU0078,IELTS,Advanced,David,Cash,5000000,0,5000000,Paid,Active,2025,3,September,37,Tuesday
PAY01072,10/13/2025,October,STU0116,English,Intermediate,John,Bank Transfer,5000000,-50000,5050000,Paid,Active,2025,4,October,42,Monday
PAY01073,6/6/2025,June,STU0391,TOEFL,Advanced,Linda,Bank Transfer,5000000,0,5000000,Paid,Active,2025,2,June,23,Friday
PAY01074,3/22/2025,March,STU0002,English,Intermediate,Unknown,Bank Transfer,650000,-50000,700000,Unpaid,Active,2025,1,March,12,Saturday
PAY01075,4/29/2025,April,STU0037,TOEFL,Intermediate,Unknown,Cash,700000,0,700000,Paid,Active,2025,2,April,18,Tuesday
PAY01076,2/28/2025,February,STU0037,English,Beginner,David,E-Wallet,650000,50000,600000,Paid,Active,2025,1,February,9,Friday
PAY01077,8/13/2025,August,STU0207,Speaking,Advanced,Sarah,Bank Transfer,750000,0,750000,Unpaid,Active,2025,3,August,33,Wednesday
PAY01078,11/3/2025,November,STU0129,English,Beginner,Linda,Cash,750000,0,750000,Paid,Active,2025,4,November,45,Monday
PAY01079,12/11/2025,December,STU0090,English,Advanced,John,Bank Transfer,5000000,0,5000000,Paid,Active,2025,4,December,50,Thursday
PAY01080,11/22/2025,November,STU0171,Grammar,Advanced,Sarah,Unknown,500000,100000,400000,Paid,Active,2025,4,November,47,Saturday
PAY01081,7/30/2025,July,STU0417,English,Intermediate,Sarah,Bank Transfer,700000,0,700000,Unpaid,Active,2025,3,July,31,Wednesday
PAY01082,3/1/2025,March,STU0278,English,Intermediate,John,Bank Transfer,5000000,0,5000000,Paid,Active,2025,1,March,9,Saturday
PAY01083,11/15/2025,November,STU0282,IELTS,Intermediate,John,Cash,750000,0,750000,Unpaid,Active,2025,4,November,46,Saturday
PAY01084,1/15/2025,January,STU0283,English,Beginner,Linda,Unknown,650000,50000,600000,Paid,Active,2025,1,January,3,Wednesday
PAY01085,3/2/2025,March,STU0362,Speaking,Intermediate,John,Bank Transfer,750000,0,750000,Paid,Active,2025,1,March,9,Sunday
PAY01086,10/10/2025,October,STU0261,IELTS,Beginner,David,Unknown,750000,25000,725000,Unpaid,Active,2025,4,October,41,Friday
PAY01087,9/17/2025,September,STU0429,English,Beginner,John,E-Wallet,500000,50000,450000,Unpaid,Active,2025,3,September,38,Wednesday
PAY01088,6/20/2025,June,STU0358,TOEFL,Advanced,John,Bank Transfer,750000,50000,700000,Unpaid,Active,2025,2,June,25,Friday
PAY01089,6/12/2025,June,STU0406,IELTS,Intermediate,John,Bank Transfer,750000,100000,650000,Paid,Active,2025,2,June,24,Thursday
PAY01090,2/21/2025,February,STU0008,IELTS,Intermediate,Michael,Cash,500000,-50000,550000,Unpaid,Active,2025,1,February,8,Friday
PAY01091,6/23/2025,June,STU0440,English,Intermediate,John,Unknown,500000,50000,450000,Paid,Active,2025,2,June,26,Monday
PAY01092,11/13/2025,November,STU0148,TOEFL,Advanced,Sarah,Bank Transfer,650000,0,650000,Paid,Active,2025,4,November,46,Thursday
PAY01093,8/16/2025,August,STU0408,English,Intermediate,Emily,Bank Transfer,700000,0,700000,Unpaid,Inactive,2025,3,August,33,Saturday
PAY01094,5/6/2025,May,STU0088,IELTS,Beginner,Unknown,Unknown,5000000,0,5000000,Unpaid,Inactive,2025,2,May,19,Tuesday
PAY01095,9/12/2025,September,STU0236,Speaking,Advanced,John,Unknown,650000,100000,550000,Unpaid,Active,2025,3,September,37,Friday
PAY01096,12/13/2025,December,STU0301,Speaking,Advanced,John,Cash,500000,100000,400000,Unpaid,Active,2025,4,December,50,Saturday
PAY01097,6/4/2025,June,STU0196,Grammar,Advanced,David,Cash,750000,100000,650000,Unpaid,Active,2025,2,June,23,Wednesday
PAY01098,12/4/2025,December,STU0352,English,Advanced,John,Unknown,700000,0,700000,Unpaid,Inactive,2025,4,December,49,Thursday
PAY01099,11/7/2025,November,STU0129,IELTS,Advanced,Sarah,Cash,650000,0,650000,Paid,Active,2025,4,November,45,Friday
PAY01100,6/8/2025,June,STU0068,Math,Intermediate,Emily,Cash,500000,-50000,550000,Unpaid,Inactive,2025,2,June,23,Sunday
PAY01101,4/13/2025,April,STU0468,Speaking,Beginner,David,Unknown,5000000,50000,4950000,Unpaid,Active,2025,2,April,15,Sunday
PAY01102,6/23/2025,June,STU0495,TOEFL,Advanced,John,Unknown,750000,0,750000,Paid,Active,2025,2,June,26,Monday
PAY01103,2/16/2025,February,STU0233,Grammar,Advanced,David,E-Wallet,500000,50000,450000,Unpaid,Active,2025,1,February,7,Sunday
PAY01104,2/25/2025,February,STU0483,Grammar,Advanced,Linda,Cash,750000,0,750000,Paid,Active,2025,1,February,9,Tuesday
PAY01105,12/25/2025,December,STU0485,English,Intermediate,John,Cash,750000,0,750000,Paid,Inactive,2025,4,December,52,Thursday
PAY01106,10/3/2025,October,STU0487,English,Advanced,Michael,Bank Transfer,750000,100000,650000,Paid,Active,2025,4,October,40,Friday
PAY01107,9/8/2025,September,STU0112,English,Intermediate,Linda,Unknown,700000,0,700000,Unpaid,Active,2025,3,September,37,Monday
PAY01108,12/18/2025,December,STU0204,Speaking,Beginner,Sarah,Unknown,5000000,0,5000000,Unpaid,Active,2025,4,December,51,Thursday
PAY01109,12/6/2025,December,STU0171,TOEFL,Beginner,Unknown,Bank Transfer,5000000,0,5000000,Paid,Inactive,2025,4,December,49,Saturday
PAY01110,10/28/2025,October,STU0404,English,Intermediate,Michael,Bank Transfer,650000,50000,600000,Paid,Active,2025,4,October,44,Tuesday
PAY01111,3/31/2025,March,STU0405,TOEFL,Advanced,Emily,Cash,500000,25000,-475000,Paid,Active,2025,1,March,14,Monday
PAY01112,1/27/2025,January,STU0033,English,Intermediate,Emily,E-Wallet,750000,-50000,800000,Paid,Active,2025,1,January,5,Monday
PAY01113,8/20/2025,August,STU0466,Speaking,Intermediate,John,Cash,5000000,0,5000000,Unpaid,Active,2025,3,August,34,Wednesday
PAY01114,8/7/2025,August,STU0038,Math,Intermediate,Unknown,Bank Transfer,750000,0,750000,Paid,Inactive,2025,3,August,32,Thursday
PAY01115,5/21/2025,May,STU0233,English,Beginner,Sarah,Unknown,750000,-50000,800000,Paid,Inactive,2025,2,May,21,Wednesday
PAY01116,8/9/2025,August,STU0233,English,Intermediate,Sarah,Bank Transfer,650000,100000,550000,Unpaid,Active,2025,3,August,32,Saturday
PAY01117,12/7/2025,December,STU0243,Math,Beginner,Sarah,Cash,700000,25000,675000,Unpaid,Active,2025,4,December,49,Sunday
PAY01118,7/10/2025,July,STU0288,Grammar,Advanced,Sarah,Bank Transfer,5000000,0,5000000,Unpaid,Active,2025,3,July,28,Thursday
PAY01119,1/27/2025,January,STU0296,TOEFL,Beginner,John,Bank Transfer,5000000,50000,4950000,Paid,Active,2025,1,January,5,Monday
PAY01120,10/12/2025,October,STU0414,English,Advanced,Unknown,E-Wallet,500000,50000,450000,Paid,Active,2025,4,October,41,Sunday
PAY01121,11/8/2025,November,STU0391,Speaking,Intermediate,Emily,Cash,500000,25000,475000,Paid,Inactive,2025,4,November,45,Saturday
PAY01122,10/17/2025,October,STU0498,English,Beginner,Sarah,Bank Transfer,500000,25000,475000,Unpaid,Active,2025,4,October,42,Friday
PAY01123,8/21/2025,August,STU0167,Math,Beginner,Michael,Bank Transfer,650000,50000,600000,Paid,Active,2025,3,August,34,Thursday
PAY01124,12/12/2025,December,STU0249,English,Intermediate,David,Bank Transfer,700000,100000,600000,Paid,Active,2025,4,December,50,Friday
PAY01125,6/26/2025,June,STU0304,English,Advanced,David,Cash,500000,50000,450000,Paid,Active,2025,2,June,26,Thursday
PAY01126,11/3/2025,November,STU0109,IELTS,Intermediate,David,Bank Transfer,500000,25000,475000,Paid,Active,2025,4,November,45,Monday
PAY01127,9/12/2025,September,STU0361,TOEFL,Advanced,Sarah,Unknown,650000,25000,625000,Paid,Active,2025,3,September,37,Friday
PAY01128,2/6/2025,February,STU0472,Math,Intermediate,Unknown,Bank Transfer,500000,100000,-400000,Paid,Active,2025,1,February,6,Thursday
PAY01129,12/30/2025,December,STU0495,Grammar,Beginner,Unknown,Bank Transfer,700000,0,700000,Paid,Active,2025,4,December,1,Tuesday
PAY01130,2/15/2025,February,STU0206,Math,Intermediate,David,Cash,500000,25000,475000,Unpaid,Inactive,2025,1,February,7,Saturday
PAY01131,6/20/2025,June,STU0272,TOEFL,Intermediate,Emily,Cash,500000,-50000,550000,Paid,Inactive,2025,2,June,25,Friday
PAY01132,5/1/2025,May,STU0309,IELTS,Advanced,Sarah,Bank Transfer,650000,50000,600000,Paid,Active,2025,2,May,18,Thursday
PAY01133,8/26/2025,August,STU0320,Grammar,Advanced,Emily,Bank Transfer,5000000,0,5000000,Unpaid,Active,2025,3,August,35,Tuesday
PAY01134,8/29/2025,August,STU0181,Math,Intermediate,John,Bank Transfer,700000,50000,650000,Paid,Active,2025,3,August,35,Friday
PAY01135,7/8/2025,July,STU0438,Math,Advanced,Unknown,E-Wallet,500000,0,500000,Unpaid,Active,2025,3,July,28,Tuesday
PAY01136,10/25/2025,October,STU0165,English,Advanced,Michael,Cash,750000,-50000,800000,Unpaid,Active,2025,4,October,43,Saturday
PAY01137,6/25/2025,June,STU0127,English,Intermediate,Sarah,E-Wallet,5000000,0,5000000,Paid,Inactive,2025,2,June,26,Wednesday
PAY01138,7/6/2025,July,STU0174,English,Advanced,Emily,Cash,700000,100000,600000,Unpaid,Active,2025,3,July,27,Sunday
PAY01139,10/13/2025,October,STU0337,IELTS,Intermediate,Sarah,E-Wallet,700000,50000,650000,Paid,Inactive,2025,4,October,42,Monday
PAY01140,6/29/2025,June,STU0481,Math,Intermediate,Sarah,Bank Transfer,750000,25000,725000,Paid,Active,2025,2,June,26,Sunday
PAY01141,3/7/2025,March,STU0186,Speaking,Beginner,Linda,Bank Transfer,750000,-50000,800000,Unpaid,Inactive,2025,1,March,10,Friday
PAY01142,4/26/2025,April,STU0404,Math,Advanced,Sarah,Unknown,650000,0,650000,Paid,Active,2025,2,April,17,Saturday
PAY01143,12/5/2025,December,STU0079,IELTS,Beginner,Unknown,Unknown,5000000,25000,4975000,Paid,Active,2025,4,December,49,Friday
PAY01144,1/23/2025,January,STU0497,English,Advanced,David,Unknown,700000,0,700000,Paid,Active,2025,1,January,4,Thursday
PAY01145,4/30/2025,April,STU0100,Grammar,Advanced,Unknown,Bank Transfer,700000,100000,600000,Unpaid,Active,2025,2,April,18,Wednesday
PAY01146,7/15/2025,July,STU0071,Speaking,Beginner,John,Unknown,650000,25000,625000,Unpaid,Active,2025,3,July,29,Tuesday
PAY01147,12/31/2025,December,STU0140,English,Advanced,Michael,Unknown,700000,0,700000,Unpaid,Active,2025,4,December,1,Wednesday
PAY01148,4/24/2025,April,STU0203,Grammar,Beginner,John,Cash,700000,0,700000,Unpaid,Inactive,2025,2,April,17,Thursday
PAY01149,1/15/2025,January,STU0406,IELTS,Beginner,John,Bank Transfer,500000,0,500000,Unpaid,Inactive,2025,1,January,3,Wednesday
PAY01150,12/28/2025,December,STU0041,English,Intermediate,Linda,Unknown,750000,-50000,-800000,Paid,Active,2025,4,December,52,Sunday
PAY01151,2/26/2025,February,STU0123,English,Advanced,Unknown,Bank Transfer,650000,50000,600000,Paid,Active,2025,1,February,9,Wednesday
PAY01152,9/13/2025,September,STU0074,Speaking,Intermediate,John,E-Wallet,5000000,-50000,5050000,Unpaid,Inactive,2025,3,September,37,Saturday
PAY01153,10/20/2025,October,STU0269,Grammar,Beginner,Sarah,E-Wallet,650000,0,650000,Paid,Active,2025,4,October,43,Monday
PAY01154,7/19/2025,July,STU0192,Speaking,Advanced,John,Bank Transfer,500000,0,500000,Paid,Active,2025,3,July,29,Saturday
PAY01155,5/4/2025,May,STU0069,English,Intermediate,Sarah,Bank Transfer,5000000,0,5000000,Paid,Inactive,2025,2,May,18,Sunday
PAY01156,12/17/2025,December,STU0070,Math,Advanced,John,Cash,750000,0,750000,Unpaid,Inactive,2025,4,December,51,Wednesday
PAY01157,1/23/2025,January,STU0264,English,Advanced,John,Bank Transfer,500000,50000,450000,Paid,Inactive,2025,1,January,4,Thursday
PAY01158,5/27/2025,May,STU0064,Grammar,Intermediate,John,Cash,500000,0,500000,Unpaid,Active,2025,2,May,22,Tuesday
PAY01159,6/23/2025,June,STU0474,Speaking,Beginner,John,Cash,750000,0,750000,Unpaid,Inactive,2025,2,June,26,Monday
PAY01160,10/7/2025,October,STU0339,Speaking,Intermediate,John,E-Wallet,700000,0,700000,Paid,Active,2025,4,October,41,Tuesday
PAY01161,3/27/2025,March,STU0446,Grammar,Advanced,John,Bank Transfer,700000,100000,600000,Paid,Active,2025,1,March,13,Thursday
PAY01162,2/8/2025,February,STU0348,IELTS,Beginner,Michael,Unknown,700000,-50000,750000,Paid,Active,2025,1,February,6,Saturday
PAY01163,1/18/2025,January,STU0188,Grammar,Intermediate,Unknown,Cash,500000,25000,475000,Paid,Inactive,2025,1,January,3,Saturday
PAY01164,12/14/2025,December,STU0040,IELTS,Advanced,Emily,Bank Transfer,700000,50000,650000,Unpaid,Active,2025,4,December,50,Sunday
PAY01165,5/8/2025,May,STU0266,English,Advanced,Sarah,Bank Transfer,500000,0,500000,Unpaid,Active,2025,2,May,19,Thursday
PAY01166,4/20/2025,April,STU0437,Math,Intermediate,Michael,Cash,750000,25000,725000,Unpaid,Active,2025,2,April,16,Sunday
PAY01167,12/16/2025,December,STU0278,Speaking,Intermediate,Michael,Cash,700000,0,700000,Paid,Inactive,2025,4,December,51,Tuesday
PAY01168,7/5/2025,July,STU0122,English,Beginner,Emily,E-Wallet,500000,25000,475000,Paid,Active,2025,3,July,27,Saturday
PAY01169,8/28/2025,August,STU0204,English,Advanced,John,Unknown,5000000,0,5000000,Unpaid,Active,2025,3,August,35,Thursday
PAY01170,3/6/2025,March,STU0265,Grammar,Beginner,Sarah,Cash,500000,100000,400000,Paid,Inactive,2025,1,March,10,Thursday
PAY01171,3/8/2025,March,STU0266,IELTS,Intermediate,Michael,Bank Transfer,5000000,0,5000000,Unpaid,Inactive,2025,1,March,10,Saturday
PAY01172,6/27/2025,June,STU0490,Speaking,Beginner,David,E-Wallet,500000,50000,450000,Paid,Active,2025,2,June,26,Friday
PAY01173,9/15/2025,September,STU0338,Grammar,Advanced,John,Unknown,5000000,-50000,5050000,Paid,Active,2025,3,September,38,Monday
PAY01174,1/24/2025,January,STU0328,English,Intermediate,Sarah,Bank Transfer,650000,-50000,700000,Paid,Active,2025,1,January,4,Friday
PAY01175,9/5/2025,September,STU0353,English,Beginner,John,Bank Transfer,750000,50000,700000,Unpaid,Active,2025,3,September,36,Friday
PAY01176,4/15/2025,April,STU0368,Grammar,Advanced,Emily,Bank Transfer,5000000,25000,4975000,Paid,Active,2025,2,April,16,Tuesday
PAY01177,9/21/2025,September,STU0137,English,Beginner,Michael,Cash,700000,25000,675000,Paid,Active,2025,3,September,38,Sunday
PAY01178,7/16/2025,July,STU0479,Grammar,Beginner,Michael,Bank Transfer,650000,25000,625000,Paid,Active,2025,3,July,29,Wednesday
PAY01179,9/13/2025,September,STU0202,English,Beginner,Linda,E-Wallet,750000,0,750000,Unpaid,Active,2025,3,September,37,Saturday
PAY01180,1/26/2025,January,STU0335,English,Intermediate,Sarah,Cash,750000,-50000,800000,Paid,Active,2025,1,January,4,Sunday
PAY01181,3/10/2025,March,STU0206,English,Advanced,Sarah,Bank Transfer,700000,100000,600000,Unpaid,Active,2025,1,March,11,Monday
PAY01182,2/7/2025,February,STU0144,Math,Beginner,Sarah,Bank Transfer,5000000,100000,4900000,Unpaid,Active,2025,1,February,6,Friday
PAY01183,10/13/2025,October,STU0206,English,Beginner,John,Bank Transfer,650000,25000,625000,Paid,Active,2025,4,October,42,Monday
PAY01184,8/31/2025,August,STU0072,Grammar,Advanced,Emily,Bank Transfer,650000,-50000,700000,Unpaid,Active,2025,3,August,35,Sunday
PAY01185,10/31/2025,October,STU0363,Speaking,Intermediate,John,Bank Transfer,5000000,-50000,5050000,Unpaid,Active,2025,4,October,44,Friday
PAY01186,8/2/2025,August,STU0496,TOEFL,Advanced,John,E-Wallet,500000,-50000,550000,Unpaid,Inactive,2025,3,August,31,Saturday
PAY01187,9/26/2025,September,STU0294,Math,Beginner,John,Bank Transfer,650000,0,650000,Unpaid,Active,2025,3,September,39,Friday
PAY01188,3/19/2025,March,STU0314,English,Advanced,John,Cash,650000,100000,550000,Paid,Inactive,2025,1,March,12,Wednesday
PAY01189,10/15/2025,October,STU0490,IELTS,Intermediate,Sarah,Bank Transfer,750000,-50000,800000,Paid,Active,2025,4,October,42,Wednesday
PAY01190,12/13/2025,December,STU0127,Speaking,Advanced,David,Bank Transfer,5000000,100000,4900000,Unpaid,Active,2025,4,December,50,Saturday
PAY01191,12/27/2025,December,STU0287,Speaking,Intermediate,Sarah,E-Wallet,750000,50000,700000,Paid,Active,2025,4,December,52,Saturday
PAY01192,7/22/2025,July,STU0490,Math,Intermediate,John,Cash,650000,50000,600000,Unpaid,Active,2025,3,July,30,Tuesday
PAY01193,4/20/2025,April,STU0357,Speaking,Beginner,Sarah,E-Wallet,5000000,50000,4950000,Paid,Inactive,2025,2,April,16,Sunday
PAY01194,5/5/2025,May,STU0027,Math,Intermediate,Emily,Cash,5000000,25000,4975000,Unpaid,Active,2025,2,May,19,Monday
PAY01195,12/15/2025,December,STU0081,English,Advanced,John,Bank Transfer,500000,-50000,550000,Paid,Inactive,2025,4,December,51,Monday
PAY01196,5/28/2025,May,STU0394,Math,Advanced,Unknown,Bank Transfer,700000,0,700000,Paid,Active,2025,2,May,22,Wednesday
PAY01197,3/31/2025,March,STU0204,English,Beginner,David,Cash,650000,0,650000,Paid,Active,2025,1,March,14,Monday
PAY01198,10/18/2025,October,STU0329,English,Beginner,Sarah,Bank Transfer,700000,50000,650000,Unpaid,Inactive,2025,4,October,42,Saturday
PAY01199,2/27/2025,February,STU0132,IELTS,Beginner,Emily,Unknown,650000,0,650000,Unpaid,Inactive,2025,1,February,9,Thursday
PAY01200,3/31/2025,March,STU0206,Math,Beginner,Michael,Bank Transfer,750000,-50000,800000,Unpaid,Inactive,2025,1,March,14,Monday
PAY01201,1/4/2025,January,STU0137,Grammar,Intermediate,Unknown,Cash,750000,25000,725000,Paid,Active,2025,1,January,1,Saturday
PAY01202,5/14/2025,May,STU0239,Speaking,Beginner,John,Cash,650000,0,650000,Paid,Active,2025,2,May,20,Wednesday
PAY01203,12/20/2025,December,STU0113,IELTS,Intermediate,Michael,Bank Transfer,700000,50000,650000,Paid,Active,2025,4,December,51,Saturday
PAY01204,8/1/2025,August,STU0391,TOEFL,Advanced,Unknown,Unknown,5000000,0,5000000,Paid,Active,2025,3,August,31,Friday
PAY01205,9/28/2025,September,STU0425,TOEFL,Advanced,Sarah,Bank Transfer,500000,-50000,550000,Paid,Active,2025,3,September,39,Sunday
PAY01206,9/24/2025,September,STU0299,English,Beginner,Sarah,Bank Transfer,500000,0,500000,Paid,Active,2025,3,September,39,Wednesday
PAY01207,3/9/2025,March,STU0237,Speaking,Advanced,John,Bank Transfer,750000,-50000,800000,Unpaid,Active,2025,1,March,10,Sunday
PAY01208,4/22/2025,April,STU0033,English,Beginner,John,Cash,500000,100000,400000,Unpaid,Active,2025,2,April,17,Tuesday
PAY01209,4/3/2025,April,STU0196,English,Intermediate,John,Cash,750000,50000,700000,Paid,Inactive,2025,2,April,14,Thursday
PAY01210,12/1/2025,December,STU0202,IELTS,Advanced,Linda,Unknown,500000,25000,475000,Paid,Active,2025,4,December,49,Monday
PAY01211,6/2/2025,June,STU0422,TOEFL,Beginner,John,Bank Transfer,5000000,100000,4900000,Paid,Active,2025,2,June,23,Monday
PAY01212,4/7/2025,April,STU0393,English,Beginner,Linda,Cash,500000,0,500000,Paid,Active,2025,2,April,15,Monday
PAY01213,8/17/2025,August,STU0225,TOEFL,Advanced,Linda,Unknown,650000,0,650000,Paid,Inactive,2025,3,August,33,Sunday
PAY01214,9/15/2025,September,STU0296,Grammar,Beginner,David,Bank Transfer,650000,0,650000,Paid,Inactive,2025,3,September,38,Monday
PAY01215,7/31/2025,July,STU0303,IELTS,Advanced,John,E-Wallet,700000,0,700000,Unpaid,Active,2025,3,July,31,Thursday
PAY01216,6/26/2025,June,STU0210,IELTS,Intermediate,John,Bank Transfer,5000000,50000,4950000,Paid,Active,2025,2,June,26,Thursday
PAY01217,5/4/2025,May,STU0238,English,Advanced,John,Bank Transfer,700000,0,700000,Paid,Inactive,2025,2,May,18,Sunday
PAY01218,7/18/2025,July,STU0041,English,Intermediate,Sarah,E-Wallet,700000,25000,675000,Paid,Inactive,2025,3,July,29,Friday
PAY01219,1/27/2025,January,STU0021,Math,Beginner,Unknown,Cash,750000,0,750000,Paid,Inactive,2025,1,January,5,Monday
PAY01220,9/3/2025,September,STU0008,TOEFL,Beginner,Sarah,Cash,700000,50000,650000,Unpaid,Inactive,2025,3,September,36,Wednesday
PAY01221,12/23/2025,December,STU0398,Speaking,Intermediate,John,E-Wallet,750000,25000,725000,Paid,Active,2025,4,December,52,Tuesday
PAY01222,6/7/2025,June,STU0239,Math,Advanced,John,Unknown,700000,-50000,750000,Unpaid,Inactive,2025,2,June,23,Saturday
PAY01223,7/9/2025,July,STU0114,IELTS,Beginner,David,E-Wallet,750000,0,750000,Paid,Active,2025,3,July,28,Wednesday
PAY01224,6/1/2025,June,STU0292,TOEFL,Intermediate,Sarah,Cash,650000,50000,600000,Paid,Active,2025,2,June,22,Sunday
PAY01225,5/12/2025,May,STU0408,Grammar,Beginner,Michael,Cash,750000,100000,650000,Paid,Active,2025,2,May,20,Monday
PAY01226,4/5/2025,April,STU0039,English,Beginner,John,Bank Transfer,5000000,0,5000000,Paid,Inactive,2025,2,April,14,Saturday
PAY01227,2/4/2025,February,STU0192,English,Advanced,Unknown,Bank Transfer,500000,25000,475000,Paid,Active,2025,1,February,6,Tuesday
PAY01228,1/9/2025,January,STU0009,Speaking,Advanced,David,Cash,5000000,-50000,5050000,Paid,Active,2025,1,January,2,Thursday
PAY01229,4/2/2025,April,STU0099,Speaking,Intermediate,David,Unknown,500000,-50000,550000,Unpaid,Active,2025,2,April,14,Wednesday
PAY01230,7/11/2025,July,STU0357,TOEFL,Intermediate,Sarah,Cash,750000,-50000,800000,Paid,Active,2025,3,July,28,Friday
PAY01231,2/17/2025,February,STU0029,English,Advanced,Michael,Cash,750000,100000,650000,Unpaid,Active,2025,1,February,8,Monday
PAY01232,11/27/2025,November,STU0471,English,Beginner,Linda,Unknown,5000000,0,5000000,Paid,Active,2025,4,November,48,Thursday
PAY01233,5/19/2025,May,STU0461,English,Beginner,Emily,Cash,500000,0,500000,Paid,Inactive,2025,2,May,21,Monday
PAY01234,12/31/2025,December,STU0124,English,Advanced,Sarah,Bank Transfer,500000,50000,450000,Unpaid,Inactive,2025,4,December,1,Wednesday
PAY01235,12/19/2025,December,STU0028,Math,Intermediate,Linda,Unknown,5000000,0,5000000,Paid,Active,2025,4,December,51,Friday
PAY01236,11/6/2025,November,STU0402,English,Intermediate,Linda,Bank Transfer,700000,0,700000,Paid,Active,2025,4,November,45,Thursday
PAY01237,8/10/2025,August,STU0396,Speaking,Beginner,Sarah,Cash,5000000,0,5000000,Unpaid,Inactive,2025,3,August,32,Sunday
PAY01238,7/14/2025,July,STU0047,English,Intermediate,John,Bank Transfer,750000,50000,700000,Unpaid,Active,2025,3,July,29,Monday
PAY01239,3/9/2025,March,STU0285,English,Beginner,John,Cash,650000,100000,550000,Unpaid,Active,2025,1,March,10,Sunday
PAY01240,11/2/2025,November,STU0199,Math,Advanced,Sarah,Bank Transfer,750000,0,750000,Paid,Inactive,2025,4,November,44,Sunday
PAY01241,12/17/2025,December,STU0138,English,Beginner,Sarah,Bank Transfer,650000,25000,625000,Unpaid,Active,2025,4,December,51,Wednesday
PAY01242,8/4/2025,August,STU0484,TOEFL,Advanced,John,E-Wallet,750000,0,750000,Paid,Inactive,2025,3,August,32,Monday
PAY01243,8/23/2025,August,STU0203,Grammar,Advanced,John,Unknown,650000,50000,-600000,Unpaid,Active,2025,3,August,34,Saturday
PAY01244,6/21/2025,June,STU0309,TOEFL,Intermediate,Emily,Bank Transfer,5000000,25000,4975000,Unpaid,Active,2025,2,June,25,Saturday
PAY01245,5/30/2025,May,STU0144,English,Intermediate,Sarah,E-Wallet,5000000,25000,4975000,Paid,Inactive,2025,2,May,22,Friday
PAY01246,12/16/2025,December,STU0409,Speaking,Advanced,Sarah,Unknown,750000,0,750000,Unpaid,Active,2025,4,December,51,Tuesday
PAY01247,3/13/2025,March,STU0367,English,Intermediate,Sarah,Bank Transfer,650000,50000,600000,Paid,Active,2025,1,March,11,Thursday
PAY01248,10/26/2025,October,STU0446,English,Advanced,John,Unknown,5000000,-50000,5050000,Unpaid,Active,2025,4,October,43,Sunday
PAY01249,2/25/2025,February,STU0023,English,Intermediate,John,Cash,700000,25000,675000,Paid,Active,2025,1,February,9,Tuesday
PAY01250,5/13/2025,May,STU0298,TOEFL,Intermediate,Emily,Bank Transfer,5000000,0,5000000,Unpaid,Inactive,2025,2,May,20,Tuesday
PAY01251,6/26/2025,June,STU0472,Math,Beginner,Michael,Bank Transfer,750000,0,750000,Unpaid,Active,2025,2,June,26,Thursday
PAY01252,8/22/2025,August,STU0050,English,Advanced,John,Bank Transfer,5000000,100000,4900000,Paid,Active,2025,3,August,34,Friday
PAY01253,1/23/2025,January,STU0347,IELTS,Advanced,Linda,E-Wallet,500000,50000,450000,Paid,Inactive,2025,1,January,4,Thursday
PAY01254,6/19/2025,June,STU0323,IELTS,Beginner,John,Bank Transfer,750000,25000,725000,Paid,Inactive,2025,2,June,25,Thursday
PAY01255,8/19/2025,August,STU0106,Speaking,Advanced,Sarah,E-Wallet,750000,0,750000,Paid,Inactive,2025,3,August,34,Tuesday
PAY01256,7/7/2025,July,STU0344,English,Advanced,Emily,E-Wallet,650000,100000,550000,Unpaid,Active,2025,3,July,28,Monday
PAY01257,10/28/2025,October,STU0317,IELTS,Advanced,David,E-Wallet,700000,50000,650000,Paid,Active,2025,4,October,44,Tuesday
PAY01258,12/11/2025,December,STU0060,IELTS,Intermediate,Michael,E-Wallet,700000,0,700000,Unpaid,Active,2025,4,December,50,Thursday
PAY01259,11/2/2025,November,STU0250,IELTS,Advanced,Michael,Bank Transfer,5000000,100000,4900000,Unpaid,Inactive,2025,4,November,44,Sunday
PAY01260,4/6/2025,April,STU0184,English,Intermediate,Michael,Bank Transfer,750000,-50000,800000,Unpaid,Active,2025,2,April,14,Sunday
PAY01261,7/29/2025,July,STU0251,IELTS,Beginner,Unknown,Cash,750000,0,750000,Paid,Active,2025,3,July,31,Tuesday
PAY01262,1/17/2025,January,STU0400,English,Advanced,John,E-Wallet,650000,-50000,700000,Paid,Active,2025,1,January,3,Friday
PAY01263,10/21/2025,October,STU0188,English,Advanced,John,E-Wallet,700000,-50000,750000,Paid,Active,2025,4,October,43,Tuesday
PAY01264,2/22/2025,February,STU0179,Math,Intermediate,Sarah,Unknown,700000,0,700000,Paid,Inactive,2025,1,February,8,Saturday
PAY01265,10/29/2025,October,STU0316,IELTS,Beginner,Linda,Unknown,5000000,0,5000000,Paid,Active,2025,4,October,44,Wednesday
PAY01266,9/30/2025,September,STU0361,Speaking,Intermediate,Unknown,Bank Transfer,5000000,-50000,5050000,Paid,Active,2025,3,September,40,Tuesday
PAY01267,3/11/2025,March,STU0065,IELTS,Beginner,Michael,Cash,500000,50000,450000,Unpaid,Inactive,2025,1,March,11,Tuesday
PAY01268,12/13/2025,December,STU0138,English,Intermediate,John,Cash,750000,25000,725000,Paid,Active,2025,4,December,50,Saturday
PAY01269,7/26/2025,July,STU0168,English,Advanced,Sarah,Cash,700000,100000,600000,Unpaid,Active,2025,3,July,30,Saturday
PAY01270,2/2/2025,February,STU0254,Speaking,Intermediate,David,Bank Transfer,650000,100000,550000,Paid,Inactive,2025,1,February,5,Sunday
PAY01271,10/17/2025,October,STU0024,Math,Advanced,John,Cash,700000,0,700000,Paid,Inactive,2025,4,October,42,Friday
PAY01272,8/14/2025,August,STU0353,IELTS,Advanced,David,Bank Transfer,500000,100000,400000,Unpaid,Active,2025,3,August,33,Thursday
PAY01273,12/2/2025,December,STU0463,IELTS,Beginner,John,Cash,700000,0,700000,Unpaid,Inactive,2025,4,December,49,Tuesday
PAY01274,8/8/2025,August,STU0040,IELTS,Advanced,Linda,E-Wallet,500000,0,500000,Paid,Active,2025,3,August,32,Friday
PAY01275,1/5/2025,January,STU0217,IELTS,Intermediate,Sarah,Bank Transfer,700000,0,700000,Unpaid,Active,2025,1,January,1,Sunday
PAY01276,2/22/2025,February,STU0071,English,Beginner,Michael,Cash,700000,50000,650000,Paid,Active,2025,1,February,8,Saturday
PAY01277,11/9/2025,November,STU0322,IELTS,Intermediate,Unknown,Cash,750000,50000,700000,Unpaid,Inactive,2025,4,November,45,Sunday
PAY01278,2/14/2025,February,STU0197,Grammar,Intermediate,Emily,Unknown,650000,0,650000,Paid,Inactive,2025,1,February,7,Friday
PAY01279,5/22/2025,May,STU0370,Speaking,Advanced,John,Unknown,650000,-50000,700000,Paid,Active,2025,2,May,21,Thursday
PAY01280,4/16/2025,April,STU0402,TOEFL,Intermediate,John,Cash,750000,50000,700000,Paid,Active,2025,2,April,16,Wednesday
PAY01281,11/23/2025,November,STU0479,Grammar,Beginner,John,Unknown,5000000,0,5000000,Paid,Active,2025,4,November,47,Sunday
PAY01282,7/7/2025,July,STU0035,English,Intermediate,Linda,Cash,750000,0,-750000,Paid,Active,2025,3,July,28,Monday
PAY01283,9/17/2025,September,STU0206,Math,Advanced,Sarah,E-Wallet,5000000,100000,4900000,Paid,Inactive,2025,3,September,38,Wednesday
PAY01284,5/23/2025,May,STU0105,IELTS,Advanced,Emily,Bank Transfer,700000,0,700000,Paid,Active,2025,2,May,21,Friday
PAY01285,6/8/2025,June,STU0474,English,Beginner,John,E-Wallet,650000,0,650000,Paid,Active,2025,2,June,23,Sunday
PAY01286,6/8/2025,June,STU0360,English,Beginner,John,Bank Transfer,500000,0,500000,Paid,Active,2025,2,June,23,Sunday
PAY01287,3/27/2025,March,STU0138,Math,Beginner,Emily,Unknown,650000,0,650000,Unpaid,Active,2025,1,March,13,Thursday
PAY01288,9/26/2025,September,STU0322,Math,Intermediate,John,E-Wallet,700000,0,700000,Unpaid,Active,2025,3,September,39,Friday
PAY01289,9/13/2025,September,STU0053,Math,Beginner,Sarah,Cash,700000,25000,675000,Paid,Active,2025,3,September,37,Saturday
PAY01290,5/6/2025,May,STU0077,IELTS,Beginner,Sarah,Unknown,750000,50000,700000,Paid,Active,2025,2,May,19,Tuesday
PAY01291,4/25/2025,April,STU0164,Speaking,Beginner,Unknown,Bank Transfer,650000,100000,550000,Paid,Active,2025,2,April,17,Friday
PAY01292,4/2/2025,April,STU0036,English,Intermediate,David,Bank Transfer,5000000,0,5000000,Paid,Active,2025,2,April,14,Wednesday
PAY01293,1/5/2025,January,STU0156,TOEFL,Intermediate,Emily,E-Wallet,650000,50000,600000,Unpaid,Inactive,2025,1,January,1,Sunday
PAY01294,10/7/2025,October,STU0013,TOEFL,Advanced,Emily,Cash,650000,0,650000,Paid,Active,2025,4,October,41,Tuesday
PAY01295,6/21/2025,June,STU0054,TOEFL,Advanced,Linda,Bank Transfer,750000,0,750000,Unpaid,Active,2025,2,June,25,Saturday
PAY01296,3/14/2025,March,STU0460,English,Advanced,Emily,Bank Transfer,500000,0,500000,Paid,Active,2025,1,March,11,Friday
PAY01297,10/25/2025,October,STU0202,Math,Advanced,Unknown,Cash,5000000,25000,4975000,Unpaid,Inactive,2025,4,October,43,Saturday
PAY01298,5/2/2025,May,STU0202,Grammar,Intermediate,John,Bank Transfer,700000,50000,650000,Paid,Active,2025,2,May,18,Friday
PAY01299,4/14/2025,April,STU0085,English,Intermediate,Emily,Bank Transfer,5000000,0,5000000,Paid,Active,2025,2,April,16,Monday
PAY01300,4/17/2025,April,STU0062,Math,Beginner,David,Unknown,700000,100000,600000,Paid,Active,2025,2,April,16,Thursday
PAY01301,4/21/2025,April,STU0496,Grammar,Intermediate,Sarah,Cash,650000,0,650000,Paid,Active,2025,2,April,17,Monday
PAY01302,5/14/2025,May,STU0285,TOEFL,Beginner,John,Cash,500000,100000,400000,Paid,Active,2025,2,May,20,Wednesday
PAY01303,1/7/2025,January,STU0206,Grammar,Advanced,Sarah,E-Wallet,650000,25000,625000,Paid,Active,2025,1,January,2,Tuesday
PAY01304,2/8/2025,February,STU0228,IELTS,Beginner,Emily,Cash,500000,25000,475000,Paid,Active,2025,1,February,6,Saturday
PAY01305,1/26/2025,January,STU0203,English,Beginner,John,Cash,5000000,100000,4900000,Unpaid,Inactive,2025,1,January,4,Sunday
PAY01306,7/1/2025,July,STU0453,IELTS,Beginner,Unknown,E-Wallet,650000,50000,600000,Paid,Inactive,2025,3,July,27,Tuesday
PAY01307,11/28/2025,November,STU0246,English,Beginner,David,Bank Transfer,750000,100000,650000,Paid,Active,2025,4,November,48,Friday
PAY01308,4/13/2025,April,STU0401,Grammar,Intermediate,Sarah,Unknown,5000000,0,5000000,Unpaid,Active,2025,2,April,15,Sunday
PAY01309,10/17/2025,October,STU0164,TOEFL,Beginner,David,Cash,750000,50000,700000,Unpaid,Active,2025,4,October,42,Friday
PAY01310,10/27/2025,October,STU0124,Speaking,Advanced,John,Unknown,650000,0,650000,Paid,Active,2025,4,October,44,Monday
PAY01311,7/1/2025,July,STU0413,Grammar,Advanced,John,Cash,650000,25000,625000,Paid,Active,2025,3,July,27,Tuesday
PAY01312,10/18/2025,October,STU0415,English,Advanced,David,Bank Transfer,5000000,25000,4975000,Unpaid,Active,2025,4,October,42,Saturday
PAY01313,2/16/2025,February,STU0270,English,Beginner,Emily,E-Wallet,650000,-50000,700000,Paid,Inactive,2025,1,February,7,Sunday
PAY01314,6/24/2025,June,STU0301,IELTS,Beginner,Sarah,Unknown,700000,0,700000,Unpaid,Active,2025,2,June,26,Tuesday
PAY01315,7/11/2025,July,STU0166,IELTS,Beginner,John,Unknown,5000000,0,5000000,Paid,Active,2025,3,July,28,Friday
PAY01316,11/29/2025,November,STU0356,Grammar,Beginner,Unknown,Unknown,650000,0,650000,Paid,Active,2025,4,November,48,Saturday
PAY01317,6/7/2025,June,STU0486,English,Advanced,John,Bank Transfer,650000,25000,625000,Paid,Active,2025,2,June,23,Saturday
PAY01318,11/10/2025,November,STU0073,Grammar,Advanced,Sarah,Bank Transfer,5000000,0,5000000,Unpaid,Active,2025,4,November,46,Monday
PAY01319,3/27/2025,March,STU0108,TOEFL,Advanced,Sarah,Bank Transfer,700000,100000,-600000,Unpaid,Active,2025,1,March,13,Thursday
PAY01320,1/1/2025,January,STU0497,IELTS,Intermediate,John,Bank Transfer,750000,100000,650000,Unpaid,Active,2025,1,January,1,Wednesday
PAY01321,2/21/2025,February,STU0116,IELTS,Intermediate,Sarah,Unknown,5000000,0,5000000,Paid,Active,2025,1,February,8,Friday
PAY01322,1/11/2025,January,STU0088,English,Beginner,Sarah,E-Wallet,700000,0,700000,Paid,Active,2025,1,January,2,Saturday
PAY01323,11/1/2025,November,STU0085,English,Beginner,John,Cash,500000,100000,400000,Unpaid,Inactive,2025,4,November,44,Saturday
PAY01324,4/8/2025,April,STU0277,Speaking,Advanced,David,Bank Transfer,5000000,0,5000000,Paid,Active,2025,2,April,15,Tuesday
PAY01325,1/26/2025,January,STU0079,English,Intermediate,John,Bank Transfer,5000000,-50000,5050000,Paid,Active,2025,1,January,4,Sunday
PAY01326,12/5/2025,December,STU0088,Speaking,Beginner,John,Unknown,650000,0,650000,Paid,Active,2025,4,December,49,Friday
PAY01327,7/23/2025,July,STU0329,English,Beginner,Emily,Bank Transfer,750000,0,750000,Unpaid,Inactive,2025,3,July,30,Wednesday
PAY01328,8/17/2025,August,STU0116,Speaking,Advanced,John,Bank Transfer,700000,100000,600000,Paid,Active,2025,3,August,33,Sunday
PAY01329,2/13/2025,February,STU0302,TOEFL,Advanced,John,Unknown,5000000,100000,4900000,Unpaid,Active,2025,1,February,7,Thursday
PAY01330,10/2/2025,October,STU0041,English,Advanced,John,E-Wallet,5000000,25000,4975000,Paid,Inactive,2025,4,October,40,Thursday
PAY01331,3/3/2025,March,STU0414,TOEFL,Beginner,John,Bank Transfer,650000,25000,625000,Paid,Active,2025,1,March,10,Monday
PAY01332,4/14/2025,April,STU0373,Math,Beginner,John,E-Wallet,5000000,50000,4950000,Unpaid,Active,2025,2,April,16,Monday
PAY01333,5/22/2025,May,STU0268,English,Beginner,John,Bank Transfer,500000,0,500000,Paid,Active,2025,2,May,21,Thursday
PAY01334,2/24/2025,February,STU0450,English,Intermediate,John,Cash,700000,-50000,750000,Unpaid,Active,2025,1,February,9,Monday
PAY01335,1/20/2025,January,STU0312,English,Beginner,John,Bank Transfer,700000,100000,600000,Paid,Inactive,2025,1,January,4,Monday
PAY01336,1/26/2025,January,STU0419,Speaking,Intermediate,David,Unknown,700000,50000,650000,Unpaid,Active,2025,1,January,4,Sunday
PAY01337,4/27/2025,April,STU0423,Grammar,Intermediate,John,E-Wallet,700000,0,700000,Paid,Active,2025,2,April,17,Sunday
PAY01338,4/7/2025,April,STU0389,Grammar,Beginner,Sarah,Unknown,650000,100000,550000,Paid,Active,2025,2,April,15,Monday
PAY01339,6/9/2025,June,STU0015,IELTS,Beginner,Linda,Unknown,650000,-50000,700000,Paid,Inactive,2025,2,June,24,Monday
PAY01340,1/17/2025,January,STU0141,Grammar,Intermediate,Sarah,Bank Transfer,500000,50000,450000,Paid,Active,2025,1,January,3,Friday
PAY01341,12/15/2025,December,STU0229,IELTS,Intermediate,Unknown,E-Wallet,650000,50000,600000,Unpaid,Active,2025,4,December,51,Monday
PAY01342,3/25/2025,March,STU0026,IELTS,Advanced,Linda,Unknown,500000,50000,450000,Paid,Inactive,2025,1,March,13,Tuesday
PAY01343,12/13/2025,December,STU0011,English,Intermediate,Michael,Cash,700000,0,700000,Paid,Active,2025,4,December,50,Saturday
PAY01344,4/25/2025,April,STU0364,Speaking,Intermediate,John,Unknown,5000000,50000,4950000,Unpaid,Active,2025,2,April,17,Friday
PAY01345,5/10/2025,May,STU0423,English,Advanced,Sarah,Cash,750000,50000,700000,Paid,Active,2025,2,May,19,Saturday
PAY01346,10/15/2025,October,STU0033,Grammar,Intermediate,Emily,Unknown,700000,0,700000,Unpaid,Active,2025,4,October,42,Wednesday
PAY01347,12/2/2025,December,STU0124,English,Advanced,John,Cash,650000,25000,625000,Unpaid,Inactive,2025,4,December,49,Tuesday
PAY01348,1/14/2025,January,STU0208,English,Advanced,John,E-Wallet,700000,50000,650000,Paid,Inactive,2025,1,January,3,Tuesday
PAY01349,6/25/2025,June,STU0465,Grammar,Advanced,David,Unknown,5000000,0,5000000,Paid,Inactive,2025,2,June,26,Wednesday
PAY01350,5/31/2025,May,STU0372,IELTS,Advanced,Emily,Cash,750000,25000,725000,Paid,Inactive,2025,2,May,22,Saturday
PAY01351,7/1/2025,July,STU0170,Grammar,Intermediate,Unknown,Bank Transfer,700000,100000,600000,Unpaid,Active,2025,3,July,27,Tuesday
PAY01352,8/29/2025,August,STU0037,English,Beginner,Sarah,Cash,5000000,-50000,5050000,Paid,Active,2025,3,August,35,Friday
PAY01353,9/29/2025,September,STU0078,IELTS,Beginner,Emily,Bank Transfer,750000,0,750000,Paid,Active,2025,3,September,40,Monday
PAY01354,3/15/2025,March,STU0324,IELTS,Intermediate,John,Cash,650000,0,650000,Unpaid,Active,2025,1,March,11,Saturday
PAY01355,4/18/2025,April,STU0391,Math,Beginner,Unknown,Bank Transfer,5000000,25000,4975000,Paid,Active,2025,2,April,16,Friday
PAY01356,7/26/2025,July,STU0274,TOEFL,Advanced,Emily,Cash,750000,100000,-650000,Unpaid,Inactive,2025,3,July,30,Saturday
PAY01357,1/10/2025,January,STU0177,Speaking,Beginner,Sarah,Bank Transfer,650000,25000,625000,Paid,Active,2025,1,January,2,Friday
PAY01358,3/27/2025,March,STU0234,Grammar,Intermediate,Michael,Bank Transfer,500000,50000,450000,Unpaid,Active,2025,1,March,13,Thursday
PAY01359,4/7/2025,April,STU0373,IELTS,Beginner,John,E-Wallet,750000,0,750000,Paid,Inactive,2025,2,April,15,Monday
PAY01360,3/5/2025,March,STU0131,English,Advanced,John,Cash,500000,100000,400000,Paid,Active,2025,1,March,10,Wednesday
PAY01361,1/25/2025,January,STU0281,Speaking,Intermediate,Michael,Bank Transfer,750000,100000,650000,Paid,Active,2025,1,January,4,Saturday
PAY01362,6/4/2025,June,STU0319,IELTS,Intermediate,Sarah,E-Wallet,500000,0,500000,Paid,Active,2025,2,June,23,Wednesday
PAY01363,5/25/2025,May,STU0103,Speaking,Advanced,Linda,Bank Transfer,500000,100000,400000,Paid,Active,2025,2,May,21,Sunday
PAY01364,6/1/2025,June,STU0107,English,Intermediate,Linda,Cash,500000,-50000,550000,Paid,Active,2025,2,June,22,Sunday
PAY01365,2/26/2025,February,STU0039,Math,Intermediate,Linda,Bank Transfer,650000,0,650000,Unpaid,Active,2025,1,February,9,Wednesday
PAY01366,8/26/2025,August,STU0437,Speaking,Intermediate,Emily,Bank Transfer,500000,25000,475000,Paid,Active,2025,3,August,35,Tuesday
PAY01367,2/18/2025,February,STU0088,Grammar,Intermediate,John,E-Wallet,500000,25000,475000,Unpaid,Active,2025,1,February,8,Tuesday
PAY01368,7/10/2025,July,STU0493,English,Intermediate,John,Cash,650000,0,650000,Unpaid,Active,2025,3,July,28,Thursday
PAY01369,11/29/2025,November,STU0031,IELTS,Beginner,John,E-Wallet,500000,25000,475000,Unpaid,Active,2025,4,November,48,Saturday
PAY01370,4/3/2025,April,STU0351,IELTS,Intermediate,John,Cash,700000,-50000,750000,Unpaid,Active,2025,2,April,14,Thursday
PAY01371,1/24/2025,January,STU0361,TOEFL,Advanced,Emily,E-Wallet,700000,0,700000,Paid,Active,2025,1,January,4,Friday
PAY01372,8/10/2025,August,STU0329,English,Beginner,Sarah,E-Wallet,750000,50000,700000,Paid,Active,2025,3,August,32,Sunday
PAY01373,11/26/2025,November,STU0446,IELTS,Beginner,John,Bank Transfer,5000000,100000,4900000,Paid,Active,2025,4,November,48,Wednesday
PAY01374,5/23/2025,May,STU0194,English,Beginner,Sarah,Bank Transfer,5000000,25000,4975000,Unpaid,Active,2025,2,May,21,Friday
PAY01375,2/15/2025,February,STU0255,English,Beginner,John,Bank Transfer,750000,50000,700000,Paid,Active,2025,1,February,7,Saturday
PAY01376,2/16/2025,February,STU0344,English,Intermediate,Emily,Unknown,5000000,-50000,5050000,Paid,Inactive,2025,1,February,7,Sunday
PAY01377,8/21/2025,August,STU0367,Grammar,Advanced,John,Cash,5000000,-50000,5050000,Paid,Inactive,2025,3,August,34,Thursday
PAY01378,1/2/2025,January,STU0150,Grammar,Advanced,Sarah,Cash,700000,0,700000,Paid,Active,2025,1,January,1,Thursday
PAY01379,3/13/2025,March,STU0097,Math,Intermediate,Linda,Bank Transfer,500000,50000,450000,Paid,Active,2025,1,March,11,Thursday
PAY01380,2/25/2025,February,STU0302,Math,Intermediate,John,Cash,500000,0,500000,Paid,Inactive,2025,1,February,9,Tuesday
PAY01381,9/13/2025,September,STU0479,English,Advanced,John,E-Wallet,5000000,0,5000000,Paid,Inactive,2025,3,September,37,Saturday
PAY01382,3/7/2025,March,STU0452,Grammar,Advanced,John,Bank Transfer,750000,0,750000,Paid,Inactive,2025,1,March,10,Friday
PAY01383,5/21/2025,May,STU0069,IELTS,Intermediate,Unknown,Cash,700000,50000,650000,Paid,Active,2025,2,May,21,Wednesday
PAY01384,12/26/2025,December,STU0108,Speaking,Advanced,Emily,Cash,5000000,0,5000000,Paid,Inactive,2025,4,December,52,Friday
PAY01385,9/15/2025,September,STU0299,English,Advanced,Sarah,Bank Transfer,500000,50000,450000,Unpaid,Active,2025,3,September,38,Monday
PAY01386,9/25/2025,September,STU0344,English,Beginner,David,Unknown,500000,100000,400000,Paid,Active,2025,3,September,39,Thursday
PAY01387,12/16/2025,December,STU0152,TOEFL,Advanced,John,Bank Transfer,650000,0,650000,Unpaid,Active,2025,4,December,51,Tuesday
PAY01388,11/12/2025,November,STU0402,Speaking,Advanced,John,Bank Transfer,5000000,100000,4900000,Unpaid,Active,2025,4,November,46,Wednesday
PAY01389,12/17/2025,December,STU0129,TOEFL,Advanced,John,Unknown,5000000,0,-5000000,Paid,Active,2025,4,December,51,Wednesday
PAY01390,10/29/2025,October,STU0350,Math,Beginner,Michael,Cash,650000,50000,600000,Paid,Active,2025,4,October,44,Wednesday
PAY01391,7/13/2025,July,STU0067,IELTS,Advanced,David,Cash,750000,50000,700000,Unpaid,Active,2025,3,July,28,Sunday
PAY01392,12/30/2025,December,STU0306,English,Advanced,Unknown,Unknown,500000,25000,475000,Paid,Active,2025,4,December,1,Tuesday
PAY01393,9/9/2025,September,STU0113,IELTS,Advanced,Sarah,Unknown,500000,0,500000,Paid,Inactive,2025,3,September,37,Tuesday
PAY01394,8/1/2025,August,STU0110,Grammar,Intermediate,Emily,Bank Transfer,500000,50000,450000,Paid,Active,2025,3,August,31,Friday
PAY01395,10/15/2025,October,STU0124,TOEFL,Beginner,Emily,Bank Transfer,500000,0,500000,Paid,Active,2025,4,October,42,Wednesday
PAY01396,5/12/2025,May,STU0192,English,Intermediate,John,Bank Transfer,500000,-50000,550000,Paid,Inactive,2025,2,May,20,Monday
PAY01397,6/14/2025,June,STU0396,English,Advanced,Sarah,Bank Transfer,500000,25000,475000,Paid,Inactive,2025,2,June,24,Saturday
PAY01398,12/17/2025,December,STU0360,English,Advanced,Sarah,Cash,500000,25000,475000,Paid,Inactive,2025,4,December,51,Wednesday
PAY01399,1/13/2025,January,STU0028,IELTS,Intermediate,Sarah,Cash,700000,0,700000,Paid,Inactive,2025,1,January,3,Monday
PAY01400,5/13/2025,May,STU0222,Grammar,Beginner,John,Cash,750000,100000,650000,Paid,Active,2025,2,May,20,Tuesday
PAY01401,11/25/2025,November,STU0038,Grammar,Advanced,Sarah,Bank Transfer,5000000,0,5000000,Paid,Active,2025,4,November,48,Tuesday
PAY01402,11/7/2025,November,STU0421,English,Intermediate,Michael,E-Wallet,700000,100000,600000,Paid,Inactive,2025,4,November,45,Friday
PAY01403,7/20/2025,July,STU0469,Grammar,Beginner,Sarah,Unknown,650000,50000,600000,Paid,Inactive,2025,3,July,29,Sunday
PAY01404,3/5/2025,March,STU0276,Math,Intermediate,Linda,Cash,500000,-50000,550000,Paid,Active,2025,1,March,10,Wednesday
PAY01405,4/19/2025,April,STU0114,Speaking,Beginner,Sarah,Bank Transfer,5000000,25000,4975000,Paid,Active,2025,2,April,16,Saturday
PAY01406,10/9/2025,October,STU0035,Speaking,Beginner,Linda,Cash,5000000,0,5000000,Paid,Active,2025,4,October,41,Thursday
PAY01407,6/19/2025,June,STU0052,Speaking,Advanced,Sarah,Bank Transfer,650000,0,650000,Unpaid,Active,2025,2,June,25,Thursday
PAY01408,8/19/2025,August,STU0300,IELTS,Advanced,Unknown,Bank Transfer,5000000,0,5000000,Unpaid,Active,2025,3,August,34,Tuesday
PAY01409,3/28/2025,March,STU0365,English,Intermediate,Emily,Bank Transfer,700000,25000,675000,Paid,Active,2025,1,March,13,Friday
PAY01410,9/3/2025,September,STU0250,Math,Beginner,Unknown,Cash,750000,50000,700000,Unpaid,Inactive,2025,3,September,36,Wednesday
PAY01411,10/3/2025,October,STU0040,Math,Beginner,Sarah,Cash,700000,0,700000,Paid,Active,2025,4,October,40,Friday
PAY01412,10/30/2025,October,STU0458,English,Advanced,Michael,Bank Transfer,500000,-50000,550000,Unpaid,Inactive,2025,4,October,44,Thursday
PAY01413,10/29/2025,October,STU0047,English,Intermediate,Sarah,Cash,650000,100000,550000,Paid,Inactive,2025,4,October,44,Wednesday
PAY01414,11/11/2025,November,STU0092,IELTS,Advanced,John,Bank Transfer,5000000,25000,4975000,Paid,Inactive,2025,4,November,46,Tuesday
PAY01415,9/7/2025,September,STU0022,TOEFL,Advanced,Emily,Bank Transfer,500000,50000,450000,Unpaid,Active,2025,3,September,36,Sunday
PAY01416,1/24/2025,January,STU0267,Speaking,Advanced,David,E-Wallet,700000,0,700000,Paid,Inactive,2025,1,January,4,Friday
PAY01417,7/12/2025,July,STU0428,Math,Advanced,David,Bank Transfer,700000,-50000,750000,Paid,Active,2025,3,July,28,Saturday
PAY01418,6/30/2025,June,STU0004,IELTS,Intermediate,Michael,Bank Transfer,750000,100000,650000,Paid,Active,2025,2,June,27,Monday
PAY01419,4/19/2025,April,STU0368,Math,Advanced,Linda,Bank Transfer,650000,25000,625000,Unpaid,Active,2025,2,April,16,Saturday
PAY01420,9/4/2025,September,STU0332,English,Beginner,Linda,Cash,750000,25000,725000,Paid,Inactive,2025,3,September,36,Thursday
PAY01421,3/10/2025,March,STU0133,IELTS,Advanced,John,E-Wallet,5000000,25000,4975000,Paid,Active,2025,1,March,11,Monday
PAY01422,12/5/2025,December,STU0242,English,Beginner,Linda,Unknown,500000,25000,475000,Unpaid,Inactive,2025,4,December,49,Friday
PAY01423,10/26/2025,October,STU0086,Grammar,Intermediate,Unknown,E-Wallet,5000000,0,5000000,Paid,Inactive,2025,4,October,43,Sunday
PAY01424,7/13/2025,July,STU0268,English,Beginner,Unknown,Cash,650000,0,-650000,Paid,Active,2025,3,July,28,Sunday
PAY01425,11/11/2025,November,STU0048,English,Advanced,Michael,E-Wallet,5000000,-50000,5050000,Paid,Active,2025,4,November,46,Tuesday
PAY01426,12/14/2025,December,STU0023,English,Beginner,John,Unknown,5000000,100000,4900000,Unpaid,Active,2025,4,December,50,Sunday
PAY01427,10/29/2025,October,STU0393,TOEFL,Beginner,David,E-Wallet,750000,25000,725000,Paid,Active,2025,4,October,44,Wednesday
PAY01428,5/12/2025,May,STU0004,Math,Advanced,John,Bank Transfer,500000,0,500000,Paid,Inactive,2025,2,May,20,Monday
PAY01429,12/19/2025,December,STU0219,Speaking,Intermediate,Sarah,Bank Transfer,750000,50000,700000,Paid,Active,2025,4,December,51,Friday
PAY01430,11/10/2025,November,STU0402,English,Beginner,Emily,E-Wallet,750000,25000,725000,Paid,Active,2025,4,November,46,Monday
PAY01431,5/10/2025,May,STU0204,IELTS,Advanced,Sarah,Cash,5000000,50000,4950000,Paid,Active,2025,2,May,19,Saturday
PAY01432,12/25/2025,December,STU0403,Grammar,Advanced,Unknown,Cash,500000,25000,475000,Paid,Active,2025,4,December,52,Thursday
PAY01433,3/24/2025,March,STU0242,English,Beginner,Sarah,Bank Transfer,500000,0,500000,Paid,Active,2025,1,March,13,Monday
PAY01434,2/10/2025,February,STU0267,Speaking,Advanced,Unknown,Cash,750000,100000,650000,Paid,Active,2025,1,February,7,Monday
PAY01435,8/13/2025,August,STU0266,Speaking,Beginner,John,Unknown,650000,0,650000,Paid,Inactive,2025,3,August,33,Wednesday
PAY01436,11/11/2025,November,STU0001,IELTS,Beginner,David,Unknown,500000,50000,450000,Unpaid,Active,2025,4,November,46,Tuesday
PAY01437,12/9/2025,December,STU0008,Math,Beginner,Sarah,Bank Transfer,750000,-50000,800000,Paid,Active,2025,4,December,50,Tuesday
PAY01438,6/27/2025,June,STU0233,English,Advanced,John,Bank Transfer,650000,-50000,700000,Paid,Active,2025,2,June,26,Friday
PAY01439,9/17/2025,September,STU0175,Math,Advanced,David,E-Wallet,5000000,0,5000000,Paid,Active,2025,3,September,38,Wednesday
PAY01440,12/22/2025,December,STU0125,Grammar,Intermediate,John,E-Wallet,750000,-50000,800000,Paid,Active,2025,4,December,52,Monday
PAY01441,3/1/2025,March,STU0113,TOEFL,Intermediate,John,Bank Transfer,500000,100000,400000,Paid,Active,2025,1,March,9,Saturday
PAY01442,12/25/2025,December,STU0345,Grammar,Beginner,Sarah,Bank Transfer,650000,50000,600000,Unpaid,Active,2025,4,December,52,Thursday
PAY01443,7/1/2025,July,STU0383,TOEFL,Intermediate,Linda,Bank Transfer,5000000,50000,4950000,Paid,Inactive,2025,3,July,27,Tuesday
PAY01444,5/16/2025,May,STU0429,Grammar,Beginner,Sarah,Cash,650000,25000,625000,Paid,Active,2025,2,May,20,Friday
PAY01445,11/11/2025,November,STU0191,Grammar,Intermediate,Unknown,Unknown,5000000,0,5000000,Unpaid,Active,2025,4,November,46,Tuesday
PAY01446,4/4/2025,April,STU0066,English,Advanced,John,Bank Transfer,750000,25000,725000,Paid,Active,2025,2,April,14,Friday
PAY01447,9/15/2025,September,STU0235,Math,Advanced,Sarah,Bank Transfer,750000,0,750000,Unpaid,Active,2025,3,September,38,Monday
PAY01448,1/7/2025,January,STU0186,Speaking,Beginner,Sarah,Bank Transfer,750000,-50000,800000,Paid,Active,2025,1,January,2,Tuesday
PAY01449,8/30/2025,August,STU0108,English,Advanced,Emily,Bank Transfer,700000,25000,675000,Unpaid,Active,2025,3,August,35,Saturday
PAY01450,8/19/2025,August,STU0352,TOEFL,Beginner,David,Unknown,5000000,25000,4975000,Paid,Active,2025,3,August,34,Tuesday
PAY01451,7/15/2025,July,STU0413,English,Beginner,John,Bank Transfer,650000,0,650000,Paid,Active,2025,3,July,29,Tuesday
PAY01452,9/7/2025,September,STU0025,English,Beginner,Michael,Cash,700000,-50000,750000,Paid,Active,2025,3,September,36,Sunday
PAY01453,9/1/2025,September,STU0185,Grammar,Advanced,Sarah,Unknown,750000,0,750000,Unpaid,Active,2025,3,September,36,Monday
PAY01454,1/11/2025,January,STU0494,TOEFL,Advanced,Unknown,Cash,500000,50000,450000,Paid,Inactive,2025,1,January,2,Saturday
PAY01455,5/26/2025,May,STU0397,English,Beginner,John,E-Wallet,700000,0,700000,Unpaid,Active,2025,2,May,22,Monday
PAY01456,11/20/2025,November,STU0173,English,Advanced,Unknown,E-Wallet,650000,0,650000,Unpaid,Active,2025,4,November,47,Thursday
PAY01457,2/10/2025,February,STU0335,Speaking,Advanced,David,E-Wallet,700000,25000,675000,Paid,Active,2025,1,February,7,Monday
PAY01458,5/19/2025,May,STU0495,English,Intermediate,Michael,Bank Transfer,700000,0,700000,Paid,Inactive,2025,2,May,21,Monday
PAY01459,5/1/2025,May,STU0053,Math,Beginner,John,E-Wallet,500000,25000,475000,Paid,Active,2025,2,May,18,Thursday
PAY01460,7/23/2025,July,STU0044,English,Intermediate,Linda,Bank Transfer,500000,50000,450000,Paid,Active,2025,3,July,30,Wednesday
PAY01461,8/15/2025,August,STU0015,English,Advanced,Emily,Unknown,650000,-50000,700000,Unpaid,Active,2025,3,August,33,Friday
PAY01462,8/28/2025,August,STU0486,IELTS,Advanced,Unknown,Bank Transfer,5000000,100000,4900000,Paid,Active,2025,3,August,35,Thursday
PAY01463,9/26/2025,September,STU0413,Math,Intermediate,David,Bank Transfer,700000,100000,600000,Unpaid,Active,2025,3,September,39,Friday
PAY01464,3/21/2025,March,STU0389,IELTS,Intermediate,David,Bank Transfer,500000,0,500000,Paid,Active,2025,1,March,12,Friday
PAY01465,12/19/2025,December,STU0221,Speaking,Advanced,Linda,Unknown,750000,50000,-700000,Paid,Active,2025,4,December,51,Friday
PAY01466,4/7/2025,April,STU0084,English,Intermediate,Linda,Bank Transfer,5000000,100000,4900000,Paid,Active,2025,2,April,15,Monday
PAY01467,11/17/2025,November,STU0351,Speaking,Intermediate,Sarah,Unknown,5000000,-50000,5050000,Unpaid,Active,2025,4,November,47,Monday
PAY01468,4/7/2025,April,STU0327,English,Advanced,John,Bank Transfer,650000,25000,625000,Paid,Active,2025,2,April,15,Monday
PAY01469,4/7/2025,April,STU0274,English,Beginner,Sarah,Bank Transfer,500000,25000,475000,Unpaid,Inactive,2025,2,April,15,Monday
PAY01470,8/13/2025,August,STU0253,TOEFL,Intermediate,John,Bank Transfer,650000,0,650000,Unpaid,Active,2025,3,August,33,Wednesday
PAY01471,8/26/2025,August,STU0488,IELTS,Beginner,David,Unknown,700000,0,700000,Unpaid,Active,2025,3,August,35,Tuesday
PAY01472,10/6/2025,October,STU0129,English,Beginner,Sarah,Unknown,650000,25000,625000,Paid,Inactive,2025,4,October,41,Monday
PAY01473,7/17/2025,July,STU0102,English,Advanced,Sarah,E-Wallet,650000,0,650000,Paid,Inactive,2025,3,July,29,Thursday
PAY01474,8/31/2025,August,STU0373,English,Advanced,Sarah,E-Wallet,700000,50000,650000,Paid,Active,2025,3,August,35,Sunday
PAY01475,9/4/2025,September,STU0443,TOEFL,Beginner,Linda,Cash,650000,50000,600000,Unpaid,Active,2025,3,September,36,Thursday
PAY01476,1/8/2025,January,STU0405,TOEFL,Beginner,John,E-Wallet,700000,-50000,750000,Paid,Active,2025,1,January,2,Wednesday
PAY01477,12/19/2025,December,STU0256,Math,Advanced,Unknown,Bank Transfer,700000,0,700000,Paid,Active,2025,4,December,51,Friday
PAY01478,1/31/2025,January,STU0055,IELTS,Intermediate,Linda,Bank Transfer,650000,0,650000,Paid,Active,2025,1,January,5,Friday
PAY01479,8/13/2025,August,STU0371,IELTS,Intermediate,John,Bank Transfer,500000,0,500000,Paid,Active,2025,3,August,33,Wednesday
PAY01480,10/14/2025,October,STU0291,IELTS,Advanced,Emily,Bank Transfer,5000000,0,5000000,Paid,Active,2025,4,October,42,Tuesday
PAY01481,5/21/2025,May,STU0152,Speaking,Advanced,Emily,Bank Transfer,500000,-50000,550000,Paid,Active,2025,2,May,21,Wednesday
PAY01482,4/5/2025,April,STU0123,Grammar,Advanced,Sarah,Cash,5000000,50000,4950000,Paid,Active,2025,2,April,14,Saturday
PAY01483,4/8/2025,April,STU0166,English,Advanced,Emily,Cash,5000000,25000,4975000,Paid,Active,2025,2,April,15,Tuesday
PAY01484,1/23/2025,January,STU0249,TOEFL,Beginner,John,E-Wallet,650000,0,650000,Paid,Active,2025,1,January,4,Thursday
PAY01485,12/3/2025,December,STU0132,English,Intermediate,Linda,E-Wallet,5000000,-50000,5050000,Paid,Active,2025,4,December,49,Wednesday
PAY01486,1/7/2025,January,STU0328,English,Intermediate,Sarah,Cash,750000,0,750000,Unpaid,Active,2025,1,January,2,Tuesday
PAY01487,12/29/2025,December,STU0376,Math,Intermediate,Sarah,Bank Transfer,5000000,50000,4950000,Paid,Active,2025,4,December,1,Monday
PAY01488,2/21/2025,February,STU0270,TOEFL,Advanced,Michael,E-Wallet,5000000,100000,4900000,Paid,Active,2025,1,February,8,Friday
PAY01489,2/24/2025,February,STU0453,Math,Beginner,Michael,E-Wallet,750000,0,750000,Unpaid,Active,2025,1,February,9,Monday
PAY01490,12/3/2025,December,STU0181,Grammar,Advanced,Emily,Unknown,5000000,-50000,5050000,Unpaid,Active,2025,4,December,49,Wednesday
PAY01491,11/21/2025,November,STU0280,TOEFL,Intermediate,Sarah,Cash,700000,-50000,750000,Unpaid,Active,2025,4,November,47,Friday
PAY01492,8/20/2025,August,STU0146,English,Advanced,Michael,Bank Transfer,750000,0,750000,Paid,Active,2025,3,August,34,Wednesday
PAY01493,4/24/2025,April,STU0483,Speaking,Advanced,Sarah,E-Wallet,700000,0,700000,Paid,Inactive,2025,2,April,17,Thursday
PAY01494,2/18/2025,February,STU0136,Grammar,Advanced,Linda,Bank Transfer,750000,50000,700000,Unpaid,Active,2025,1,February,8,Tuesday
PAY01495,2/17/2025,February,STU0371,Grammar,Intermediate,Michael,Bank Transfer,5000000,25000,4975000,Paid,Active,2025,1,February,8,Monday
PAY01496,11/1/2025,November,STU0196,Math,Beginner,Emily,Bank Transfer,500000,0,500000,Unpaid,Active,2025,4,November,44,Saturday
PAY01497,3/3/2025,March,STU0324,English,Beginner,David,E-Wallet,5000000,0,5000000,Paid,Active,2025,1,March,10,Monday
PAY01498,10/4/2025,October,STU0079,English,Advanced,John,Bank Transfer,700000,-50000,750000,Paid,Active,2025,4,October,40,Saturday
PAY01499,4/24/2025,April,STU0173,Math,Intermediate,Unknown,Cash,700000,100000,600000,Paid,Active,2025,2,April,17,Thursday
PAY01500,5/15/2025,May,STU0358,IELTS,Beginner,John,E-Wallet,750000,-50000,800000,Paid,Active,2025,2,May,20,Thursday
PAY01501,7/22/2025,July,STU0269,TOEFL,Beginner,Sarah,Bank Transfer,5000000,-50000,5050000,Unpaid,Active,2025,3,July,30,Tuesday
PAY01502,12/17/2025,December,STU0188,Grammar,Beginner,Emily,Bank Transfer,500000,0,500000,Paid,Active,2025,4,December,51,Wednesday
PAY01503,6/6/2025,June,STU0412,English,Advanced,Michael,Bank Transfer,700000,-50000,750000,Paid,Inactive,2025,2,June,23,Friday
PAY01504,4/13/2025,April,STU0058,English,Beginner,Unknown,Bank Transfer,650000,0,650000,Unpaid,Active,2025,2,April,15,Sunday
PAY01505,6/25/2025,June,STU0170,TOEFL,Advanced,Sarah,Bank Transfer,700000,100000,600000,Paid,Active,2025,2,June,26,Wednesday
PAY01506,10/8/2025,October,STU0356,English,Intermediate,Unknown,Cash,5000000,0,5000000,Paid,Active,2025,4,October,41,Wednesday
PAY01507,5/11/2025,May,STU0357,Speaking,Beginner,John,Cash,500000,50000,450000,Paid,Active,2025,2,May,19,Sunday
PAY01508,7/18/2025,July,STU0445,English,Beginner,John,E-Wallet,700000,0,-700000,Paid,Active,2025,3,July,29,Friday
PAY01509,6/11/2025,June,STU0102,English,Advanced,John,Cash,5000000,-50000,5050000,Paid,Active,2025,2,June,24,Wednesday
PAY01510,6/20/2025,June,STU0178,Grammar,Intermediate,David,Bank Transfer,750000,0,750000,Paid,Active,2025,2,June,25,Friday
PAY01511,2/1/2025,February,STU0486,Speaking,Beginner,Michael,Bank Transfer,750000,0,750000,Unpaid,Inactive,2025,1,February,5,Saturday
PAY01512,2/14/2025,February,STU0321,TOEFL,Intermediate,Linda,E-Wallet,5000000,0,5000000,Paid,Active,2025,1,February,7,Friday
PAY01513,6/9/2025,June,STU0335,IELTS,Advanced,Sarah,Cash,750000,-50000,800000,Paid,Inactive,2025,2,June,24,Monday
PAY01514,6/8/2025,June,STU0290,IELTS,Intermediate,Sarah,E-Wallet,750000,25000,725000,Paid,Active,2025,2,June,23,Sunday
PAY01515,4/5/2025,April,STU0164,English,Intermediate,David,Bank Transfer,650000,0,650000,Paid,Active,2025,2,April,14,Saturday
PAY01516,3/19/2025,March,STU0391,Speaking,Advanced,Unknown,E-Wallet,500000,25000,475000,Paid,Inactive,2025,1,March,12,Wednesday
PAY01517,4/29/2025,April,STU0245,IELTS,Advanced,Unknown,Bank Transfer,700000,0,700000,Paid,Active,2025,2,April,18,Tuesday
PAY01518,4/5/2025,April,STU0099,TOEFL,Beginner,John,Unknown,750000,100000,650000,Paid,Active,2025,2,April,14,Saturday
PAY01519,7/31/2025,July,STU0475,English,Advanced,John,Cash,650000,25000,625000,Unpaid,Active,2025,3,July,31,Thursday
PAY01520,5/7/2025,May,STU0423,English,Advanced,Emily,Bank Transfer,750000,0,750000,Paid,Active,2025,2,May,19,Wednesday
PAY01521,9/24/2025,September,STU0022,TOEFL,Advanced,Sarah,Bank Transfer,750000,100000,650000,Paid,Active,2025,3,September,39,Wednesday
PAY01522,10/13/2025,October,STU0098,Speaking,Intermediate,John,Bank Transfer,5000000,0,5000000,Unpaid,Active,2025,4,October,42,Monday
PAY01523,3/27/2025,March,STU0354,IELTS,Intermediate,John,Cash,700000,-50000,750000,Paid,Active,2025,1,March,13,Thursday
PAY01524,4/3/2025,April,STU0013,IELTS,Intermediate,Unknown,Cash,750000,100000,650000,Paid,Active,2025,2,April,14,Thursday
PAY01525,2/16/2025,February,STU0365,IELTS,Advanced,Sarah,Cash,700000,0,700000,Paid,Active,2025,1,February,7,Sunday
PAY01526,11/21/2025,November,STU0373,IELTS,Intermediate,Sarah,Bank Transfer,500000,-50000,550000,Paid,Inactive,2025,4,November,47,Friday
PAY01527,6/21/2025,June,STU0365,English,Intermediate,David,Bank Transfer,650000,25000,625000,Paid,Active,2025,2,June,25,Saturday
PAY01528,5/28/2025,May,STU0002,Speaking,Beginner,John,Bank Transfer,500000,25000,475000,Unpaid,Active,2025,2,May,22,Wednesday
PAY01529,11/8/2025,November,STU0244,English,Intermediate,John,Cash,650000,25000,625000,Paid,Active,2025,4,November,45,Saturday
PAY01530,5/6/2025,May,STU0423,TOEFL,Beginner,Michael,Bank Transfer,5000000,0,5000000,Paid,Active,2025,2,May,19,Tuesday
PAY01531,1/19/2025,January,STU0309,Speaking,Intermediate,Sarah,Cash,500000,0,500000,Paid,Active,2025,1,January,3,Sunday
PAY01532,4/2/2025,April,STU0359,IELTS,Intermediate,Unknown,Bank Transfer,700000,-50000,750000,Paid,Active,2025,2,April,14,Wednesday
PAY01533,6/3/2025,June,STU0389,English,Advanced,Sarah,Bank Transfer,700000,100000,600000,Unpaid,Inactive,2025,2,June,23,Tuesday
PAY01534,3/4/2025,March,STU0108,TOEFL,Advanced,John,Cash,700000,-50000,750000,Paid,Active,2025,1,March,10,Tuesday
PAY01535,9/5/2025,September,STU0133,Grammar,Beginner,Unknown,E-Wallet,750000,-50000,800000,Unpaid,Active,2025,3,September,36,Friday
PAY01536,9/10/2025,September,STU0100,English,Beginner,John,Bank Transfer,5000000,25000,4975000,Paid,Active,2025,3,September,37,Wednesday
PAY01537,4/17/2025,April,STU0287,TOEFL,Beginner,Linda,Cash,750000,0,750000,Unpaid,Active,2025,2,April,16,Thursday
PAY01538,2/4/2025,February,STU0393,English,Beginner,Emily,Bank Transfer,700000,-50000,750000,Unpaid,Active,2025,1,February,6,Tuesday
PAY01539,3/31/2025,March,STU0246,English,Beginner,Michael,Bank Transfer,700000,50000,650000,Paid,Active,2025,1,March,14,Monday
PAY01540,10/2/2025,October,STU0029,Speaking,Advanced,Emily,E-Wallet,750000,100000,650000,Paid,Active,2025,4,October,40,Thursday
PAY01541,4/17/2025,April,STU0144,English,Intermediate,John,Cash,700000,0,700000,Paid,Inactive,2025,2,April,16,Thursday
PAY01542,10/20/2025,October,STU0401,Speaking,Advanced,Emily,Cash,650000,-50000,700000,Paid,Active,2025,4,October,43,Monday
PAY01543,7/31/2025,July,STU0425,Speaking,Beginner,Sarah,Bank Transfer,750000,25000,725000,Paid,Active,2025,3,July,31,Thursday
PAY01544,7/11/2025,July,STU0013,English,Advanced,Michael,Bank Transfer,650000,0,650000,Unpaid,Active,2025,3,July,28,Friday
PAY01545,9/26/2025,September,STU0051,IELTS,Beginner,John,Bank Transfer,700000,25000,675000,Unpaid,Active,2025,3,September,39,Friday
PAY01546,1/3/2025,January,STU0447,Math,Intermediate,John,Cash,500000,0,500000,Paid,Active,2025,1,January,1,Friday
PAY01547,1/12/2025,January,STU0147,Speaking,Advanced,Emily,Unknown,650000,50000,600000,Unpaid,Active,2025,1,January,2,Sunday
PAY01548,5/20/2025,May,STU0491,Math,Beginner,Sarah,Bank Transfer,650000,50000,600000,Paid,Active,2025,2,May,21,Tuesday
PAY01549,5/19/2025,May,STU0037,Speaking,Advanced,Emily,E-Wallet,700000,-50000,750000,Unpaid,Active,2025,2,May,21,Monday
PAY01550,3/8/2025,March,STU0197,English,Beginner,John,Bank Transfer,750000,0,750000,Paid,Active,2025,1,March,10,Saturday
PAY01551,11/12/2025,November,STU0366,Math,Intermediate,Unknown,Bank Transfer,700000,50000,650000,Paid,Active,2025,4,November,46,Wednesday
PAY01552,2/19/2025,February,STU0393,English,Intermediate,Linda,Bank Transfer,700000,0,700000,Paid,Active,2025,1,February,8,Wednesday
PAY01553,7/6/2025,July,STU0170,Grammar,Intermediate,John,Cash,650000,0,650000,Paid,Active,2025,3,July,27,Sunday
PAY01554,2/27/2025,February,STU0145,Grammar,Advanced,Unknown,Bank Transfer,750000,100000,650000,Paid,Active,2025,1,February,9,Thursday
PAY01555,7/27/2025,July,STU0406,Speaking,Advanced,John,Bank Transfer,700000,-50000,750000,Paid,Active,2025,3,July,30,Sunday
PAY01556,5/3/2025,May,STU0197,Math,Intermediate,Linda,Unknown,5000000,25000,4975000,Paid,Active,2025,2,May,18,Saturday
PAY01557,8/11/2025,August,STU0340,Math,Advanced,Unknown,Unknown,5000000,0,5000000,Unpaid,Active,2025,3,August,33,Monday
PAY01558,10/31/2025,October,STU0228,IELTS,Intermediate,John,Cash,700000,-50000,750000,Paid,Active,2025,4,October,44,Friday
PAY01559,12/17/2025,December,STU0032,Math,Beginner,Michael,E-Wallet,700000,100000,600000,Paid,Active,2025,4,December,51,Wednesday
PAY01560,3/17/2025,March,STU0316,English,Beginner,Linda,Cash,750000,-50000,800000,Unpaid,Active,2025,1,March,12,Monday
PAY01561,10/19/2025,October,STU0177,Math,Advanced,John,E-Wallet,750000,0,750000,Paid,Active,2025,4,October,42,Sunday
PAY01562,3/7/2025,March,STU0496,English,Beginner,Sarah,Unknown,500000,50000,450000,Unpaid,Active,2025,1,March,10,Friday
PAY01563,5/25/2025,May,STU0202,Grammar,Advanced,John,Bank Transfer,650000,100000,550000,Unpaid,Active,2025,2,May,21,Sunday
PAY01564,10/7/2025,October,STU0285,English,Intermediate,John,Bank Transfer,650000,100000,550000,Unpaid,Inactive,2025,4,October,41,Tuesday
PAY01565,3/10/2025,March,STU0370,English,Advanced,John,Bank Transfer,500000,0,500000,Paid,Inactive,2025,1,March,11,Monday
PAY01566,11/25/2025,November,STU0218,IELTS,Intermediate,Sarah,Bank Transfer,750000,0,750000,Paid,Active,2025,4,November,48,Tuesday
PAY01567,7/16/2025,July,STU0004,English,Advanced,Linda,Cash,650000,25000,625000,Paid,Active,2025,3,July,29,Wednesday
PAY01568,7/30/2025,July,STU0361,Grammar,Beginner,Unknown,Bank Transfer,500000,0,500000,Paid,Active,2025,3,July,31,Wednesday
PAY01569,3/14/2025,March,STU0456,Math,Beginner,John,Cash,750000,-50000,800000,Paid,Active,2025,1,March,11,Friday
PAY01570,12/17/2025,December,STU0274,English,Intermediate,John,E-Wallet,5000000,0,5000000,Unpaid,Active,2025,4,December,51,Wednesday
PAY01571,8/4/2025,August,STU0356,Speaking,Advanced,Unknown,Bank Transfer,700000,50000,650000,Paid,Active,2025,3,August,32,Monday
PAY01572,10/24/2025,October,STU0150,English,Intermediate,John,Cash,5000000,0,5000000,Paid,Active,2025,4,October,43,Friday
PAY01573,5/23/2025,May,STU0440,Speaking,Beginner,Sarah,E-Wallet,650000,-50000,700000,Paid,Inactive,2025,2,May,21,Friday
PAY01574,12/4/2025,December,STU0359,TOEFL,Intermediate,Michael,Unknown,700000,25000,675000,Paid,Active,2025,4,December,49,Thursday
PAY01575,6/25/2025,June,STU0079,English,Intermediate,John,Bank Transfer,650000,-50000,700000,Paid,Active,2025,2,June,26,Wednesday
PAY01576,11/23/2025,November,STU0177,English,Advanced,David,Unknown,650000,-50000,700000,Paid,Active,2025,4,November,47,Sunday
PAY01577,3/27/2025,March,STU0383,TOEFL,Intermediate,John,Bank Transfer,750000,100000,650000,Unpaid,Inactive,2025,1,March,13,Thursday
PAY01578,9/29/2025,September,STU0230,English,Advanced,Emily,E-Wallet,500000,50000,450000,Paid,Active,2025,3,September,40,Monday
PAY01579,2/19/2025,February,STU0440,Speaking,Intermediate,David,Bank Transfer,750000,-50000,800000,Paid,Active,2025,1,February,8,Wednesday
PAY01580,12/2/2025,December,STU0376,TOEFL,Advanced,Emily,Cash,750000,0,750000,Paid,Inactive,2025,4,December,49,Tuesday
PAY01581,6/10/2025,June,STU0051,Math,Advanced,John,Bank Transfer,500000,0,-500000,Paid,Active,2025,2,June,24,Tuesday
PAY01582,5/9/2025,May,STU0030,TOEFL,Advanced,Sarah,Cash,500000,0,500000,Paid,Active,2025,2,May,19,Friday
PAY01583,11/6/2025,November,STU0332,IELTS,Beginner,Michael,Bank Transfer,750000,0,750000,Unpaid,Active,2025,4,November,45,Thursday
PAY01584,12/5/2025,December,STU0355,Grammar,Intermediate,Michael,Unknown,750000,50000,700000,Paid,Active,2025,4,December,49,Friday
PAY01585,2/1/2025,February,STU0133,Speaking,Beginner,John,Cash,750000,50000,700000,Unpaid,Inactive,2025,1,February,5,Saturday
PAY01586,11/9/2025,November,STU0074,English,Beginner,Unknown,Cash,650000,0,650000,Paid,Active,2025,4,November,45,Sunday
PAY01587,5/13/2025,May,STU0373,Speaking,Intermediate,John,Bank Transfer,500000,0,500000,Paid,Active,2025,2,May,20,Tuesday
PAY01588,1/20/2025,January,STU0464,English,Advanced,John,E-Wallet,700000,25000,675000,Paid,Active,2025,1,January,4,Monday
PAY01589,9/2/2025,September,STU0403,Math,Advanced,Linda,Cash,750000,0,750000,Unpaid,Active,2025,3,September,36,Tuesday
PAY01590,3/4/2025,March,STU0029,Math,Intermediate,Sarah,Unknown,700000,0,700000,Unpaid,Active,2025,1,March,10,Tuesday
PAY01591,8/24/2025,August,STU0496,English,Advanced,Linda,Bank Transfer,650000,25000,625000,Paid,Active,2025,3,August,34,Sunday
PAY01592,2/24/2025,February,STU0225,TOEFL,Beginner,John,Bank Transfer,750000,0,750000,Paid,Inactive,2025,1,February,9,Monday
PAY01593,9/8/2025,September,STU0256,English,Beginner,John,Bank Transfer,500000,-50000,550000,Paid,Active,2025,3,September,37,Monday
PAY01594,1/22/2025,January,STU0342,English,Advanced,Sarah,Bank Transfer,500000,25000,475000,Paid,Inactive,2025,1,January,4,Wednesday
PAY01595,2/6/2025,February,STU0242,English,Beginner,Michael,Cash,650000,100000,550000,Paid,Active,2025,1,February,6,Thursday
PAY01596,6/7/2025,June,STU0303,Math,Beginner,Sarah,Bank Transfer,750000,-50000,800000,Paid,Inactive,2025,2,June,23,Saturday
PAY01597,2/2/2025,February,STU0378,English,Intermediate,Sarah,Cash,750000,50000,700000,Paid,Inactive,2025,1,February,5,Sunday
PAY01598,6/14/2025,June,STU0033,Math,Intermediate,Michael,Unknown,500000,-50000,550000,Unpaid,Inactive,2025,2,June,24,Saturday
PAY01599,12/23/2025,December,STU0474,English,Beginner,Sarah,Unknown,5000000,25000,4975000,Paid,Active,2025,4,December,52,Tuesday
PAY01600,3/22/2025,March,STU0092,Math,Advanced,Unknown,Bank Transfer,750000,0,-750000,Unpaid,Active,2025,1,March,12,Saturday
PAY01601,12/21/2025,December,STU0268,English,Intermediate,Linda,Bank Transfer,650000,25000,625000,Paid,Active,2025,4,December,51,Sunday
PAY01602,11/2/2025,November,STU0322,Speaking,Intermediate,John,Cash,750000,-50000,800000,Paid,Inactive,2025,4,November,44,Sunday
PAY01603,4/9/2025,April,STU0442,TOEFL,Intermediate,Linda,Bank Transfer,5000000,0,5000000,Paid,Inactive,2025,2,April,15,Wednesday
PAY01604,2/27/2025,February,STU0344,English,Beginner,Emily,Bank Transfer,750000,100000,650000,Paid,Active,2025,1,February,9,Thursday
PAY01605,5/9/2025,May,STU0380,English,Advanced,Michael,Bank Transfer,5000000,100000,4900000,Paid,Active,2025,2,May,19,Friday
PAY01606,9/21/2025,September,STU0304,Grammar,Intermediate,Linda,Cash,500000,25000,475000,Paid,Active,2025,3,September,38,Sunday
PAY01607,4/28/2025,April,STU0378,English,Beginner,John,Bank Transfer,700000,25000,675000,Paid,Active,2025,2,April,18,Monday
PAY01608,10/27/2025,October,STU0476,English,Beginner,John,Bank Transfer,500000,100000,400000,Paid,Active,2025,4,October,44,Monday
PAY01609,4/10/2025,April,STU0017,English,Intermediate,Michael,Cash,700000,25000,675000,Unpaid,Active,2025,2,April,15,Thursday
PAY01610,8/3/2025,August,STU0310,IELTS,Advanced,Unknown,Bank Transfer,700000,25000,675000,Paid,Inactive,2025,3,August,31,Sunday
PAY01611,2/14/2025,February,STU0111,English,Intermediate,David,Cash,5000000,100000,4900000,Paid,Active,2025,1,February,7,Friday
PAY01612,5/7/2025,May,STU0457,IELTS,Advanced,John,Bank Transfer,700000,100000,600000,Paid,Active,2025,2,May,19,Wednesday
PAY01613,8/29/2025,August,STU0415,Math,Intermediate,John,Bank Transfer,750000,-50000,800000,Paid,Active,2025,3,August,35,Friday
PAY01614,12/21/2025,December,STU0123,Math,Beginner,John,Cash,650000,25000,625000,Unpaid,Inactive,2025,4,December,51,Sunday
PAY01615,12/27/2025,December,STU0500,English,Intermediate,Michael,Unknown,5000000,0,5000000,Paid,Active,2025,4,December,52,Saturday
PAY01616,4/5/2025,April,STU0441,Math,Intermediate,Emily,E-Wallet,750000,0,750000,Paid,Active,2025,2,April,14,Saturday
PAY01617,8/7/2025,August,STU0107,Math,Advanced,Emily,Cash,5000000,-50000,5050000,Paid,Active,2025,3,August,32,Thursday
PAY01618,1/27/2025,January,STU0021,Grammar,Intermediate,Michael,Cash,750000,50000,700000,Paid,Active,2025,1,January,5,Monday
PAY01619,10/15/2025,October,STU0059,English,Advanced,Unknown,Unknown,650000,50000,600000,Paid,Inactive,2025,4,October,42,Wednesday
PAY01620,4/26/2025,April,STU0217,Speaking,Beginner,Sarah,Bank Transfer,700000,50000,650000,Unpaid,Active,2025,2,April,17,Saturday
PAY01621,9/6/2025,September,STU0423,Speaking,Intermediate,Unknown,Bank Transfer,750000,0,750000,Paid,Active,2025,3,September,36,Saturday
PAY01622,4/7/2025,April,STU0092,Speaking,Beginner,Sarah,Bank Transfer,500000,0,500000,Unpaid,Active,2025,2,April,15,Monday
PAY01623,12/23/2025,December,STU0267,English,Intermediate,John,Cash,750000,25000,725000,Paid,Inactive,2025,4,December,52,Tuesday
PAY01624,8/31/2025,August,STU0011,Speaking,Beginner,Sarah,Cash,750000,100000,650000,Paid,Active,2025,3,August,35,Sunday
PAY01625,7/30/2025,July,STU0357,English,Intermediate,David,E-Wallet,700000,100000,600000,Paid,Active,2025,3,July,31,Wednesday
PAY01626,3/29/2025,March,STU0148,English,Beginner,Emily,Bank Transfer,650000,100000,550000,Unpaid,Inactive,2025,1,March,13,Saturday
PAY01627,11/13/2025,November,STU0090,IELTS,Beginner,Linda,Cash,5000000,50000,4950000,Paid,Active,2025,4,November,46,Thursday
PAY01628,10/22/2025,October,STU0106,English,Advanced,Emily,Bank Transfer,750000,50000,700000,Paid,Active,2025,4,October,43,Wednesday
PAY01629,8/18/2025,August,STU0013,English,Intermediate,Michael,Bank Transfer,5000000,50000,4950000,Unpaid,Inactive,2025,3,August,34,Monday
PAY01630,1/3/2025,January,STU0497,IELTS,Advanced,John,Bank Transfer,700000,100000,600000,Paid,Active,2025,1,January,1,Friday
PAY01631,9/3/2025,September,STU0158,English,Intermediate,Unknown,Unknown,650000,0,650000,Paid,Active,2025,3,September,36,Wednesday
PAY01632,7/2/2025,July,STU0100,TOEFL,Intermediate,Linda,Cash,700000,0,700000,Paid,Active,2025,3,July,27,Wednesday
PAY01633,12/13/2025,December,STU0163,English,Advanced,Emily,Bank Transfer,5000000,100000,4900000,Paid,Active,2025,4,December,50,Saturday
PAY01634,7/9/2025,July,STU0180,Speaking,Intermediate,Sarah,Cash,700000,0,700000,Paid,Active,2025,3,July,28,Wednesday
PAY01635,8/1/2025,August,STU0497,English,Advanced,John,Bank Transfer,700000,25000,675000,Paid,Active,2025,3,August,31,Friday
PAY01636,3/15/2025,March,STU0269,Grammar,Beginner,Unknown,Unknown,700000,100000,600000,Unpaid,Active,2025,1,March,11,Saturday
PAY01637,1/4/2025,January,STU0237,IELTS,Beginner,Michael,Unknown,700000,100000,600000,Unpaid,Active,2025,1,January,1,Saturday
PAY01638,10/11/2025,October,STU0156,English,Advanced,John,Bank Transfer,500000,50000,450000,Paid,Active,2025,4,October,41,Saturday
PAY01639,3/20/2025,March,STU0242,Math,Advanced,David,Bank Transfer,700000,0,700000,Paid,Active,2025,1,March,12,Thursday
PAY01640,12/19/2025,December,STU0253,Math,Advanced,Emily,E-Wallet,500000,0,500000,Unpaid,Active,2025,4,December,51,Friday
PAY01641,5/13/2025,May,STU0295,English,Intermediate,Michael,E-Wallet,500000,50000,450000,Paid,Inactive,2025,2,May,20,Tuesday
PAY01642,6/13/2025,June,STU0140,Grammar,Intermediate,Emily,Cash,650000,50000,600000,Unpaid,Active,2025,2,June,24,Friday
PAY01643,9/29/2025,September,STU0094,Math,Advanced,Michael,E-Wallet,5000000,25000,4975000,Unpaid,Active,2025,3,September,40,Monday
PAY01644,12/17/2025,December,STU0186,Math,Advanced,Unknown,Bank Transfer,700000,0,700000,Paid,Active,2025,4,December,51,Wednesday
PAY01645,3/12/2025,March,STU0472,IELTS,Beginner,Linda,Bank Transfer,700000,100000,600000,Paid,Inactive,2025,1,March,11,Wednesday
PAY01646,4/7/2025,April,STU0060,IELTS,Beginner,John,Bank Transfer,750000,100000,650000,Unpaid,Active,2025,2,April,15,Monday
PAY01647,3/13/2025,March,STU0176,IELTS,Advanced,David,Cash,5000000,-50000,5050000,Paid,Active,2025,1,March,11,Thursday
PAY01648,4/24/2025,April,STU0065,TOEFL,Beginner,Sarah,Bank Transfer,650000,0,650000,Paid,Active,2025,2,April,17,Thursday
PAY01649,2/9/2025,February,STU0056,English,Advanced,Sarah,E-Wallet,750000,100000,650000,Paid,Active,2025,1,February,6,Sunday
PAY01650,3/2/2025,March,STU0006,Math,Beginner,Unknown,Bank Transfer,500000,0,500000,Paid,Inactive,2025,1,March,9,Sunday
PAY01651,4/5/2025,April,STU0383,Speaking,Advanced,Emily,Bank Transfer,500000,0,500000,Paid,Inactive,2025,2,April,14,Saturday
PAY01652,9/16/2025,September,STU0271,TOEFL,Advanced,Linda,Bank Transfer,500000,-50000,550000,Paid,Active,2025,3,September,38,Tuesday
PAY01653,2/20/2025,February,STU0358,IELTS,Intermediate,Sarah,Bank Transfer,5000000,0,5000000,Unpaid,Active,2025,1,February,8,Thursday
PAY01654,8/6/2025,August,STU0390,Grammar,Beginner,John,Cash,5000000,25000,4975000,Paid,Inactive,2025,3,August,32,Wednesday
PAY01655,9/11/2025,September,STU0043,Grammar,Intermediate,Sarah,Bank Transfer,700000,-50000,750000,Unpaid,Active,2025,3,September,37,Thursday
PAY01656,11/4/2025,November,STU0149,English,Beginner,Sarah,Unknown,750000,25000,725000,Unpaid,Active,2025,4,November,45,Tuesday
PAY01657,4/2/2025,April,STU0225,Math,Beginner,Michael,Bank Transfer,750000,0,750000,Unpaid,Active,2025,2,April,14,Wednesday
PAY01658,3/28/2025,March,STU0305,English,Beginner,Linda,Unknown,700000,25000,675000,Unpaid,Active,2025,1,March,13,Friday
PAY01659,5/23/2025,May,STU0309,English,Intermediate,Sarah,Bank Transfer,750000,50000,700000,Paid,Active,2025,2,May,21,Friday
PAY01660,2/25/2025,February,STU0322,IELTS,Beginner,Sarah,Cash,700000,100000,600000,Paid,Active,2025,1,February,9,Tuesday
PAY01661,9/13/2025,September,STU0168,IELTS,Intermediate,Unknown,E-Wallet,650000,100000,550000,Paid,Active,2025,3,September,37,Saturday
PAY01662,12/5/2025,December,STU0255,English,Advanced,David,E-Wallet,750000,25000,725000,Unpaid,Active,2025,4,December,49,Friday
PAY01663,1/17/2025,January,STU0437,English,Intermediate,John,Cash,500000,100000,400000,Paid,Inactive,2025,1,January,3,Friday
PAY01664,10/13/2025,October,STU0160,English,Intermediate,Sarah,E-Wallet,650000,100000,550000,Paid,Active,2025,4,October,42,Monday
PAY01665,12/4/2025,December,STU0260,English,Intermediate,David,Bank Transfer,750000,-50000,800000,Paid,Active,2025,4,December,49,Thursday
PAY01666,11/12/2025,November,STU0303,English,Beginner,Emily,Bank Transfer,700000,50000,650000,Paid,Active,2025,4,November,46,Wednesday
PAY01667,11/17/2025,November,STU0183,English,Intermediate,John,Cash,750000,0,750000,Paid,Inactive,2025,4,November,47,Monday
PAY01668,5/1/2025,May,STU0034,Speaking,Beginner,Emily,Bank Transfer,5000000,0,5000000,Paid,Active,2025,2,May,18,Thursday
PAY01669,1/20/2025,January,STU0216,Speaking,Beginner,John,E-Wallet,750000,-50000,800000,Paid,Active,2025,1,January,4,Monday
PAY01670,7/13/2025,July,STU0251,Math,Advanced,Linda,Bank Transfer,700000,-50000,750000,Unpaid,Active,2025,3,July,28,Sunday
PAY01671,3/27/2025,March,STU0326,Math,Advanced,Linda,Bank Transfer,700000,100000,600000,Unpaid,Active,2025,1,March,13,Thursday
PAY01672,6/2/2025,June,STU0048,Math,Advanced,Emily,Bank Transfer,650000,-50000,700000,Paid,Active,2025,2,June,23,Monday
PAY01673,8/7/2025,August,STU0155,Speaking,Intermediate,Sarah,Bank Transfer,700000,0,700000,Paid,Active,2025,3,August,32,Thursday
PAY01674,7/25/2025,July,STU0391,IELTS,Beginner,Sarah,Unknown,5000000,-50000,5050000,Paid,Active,2025,3,July,30,Friday
PAY01675,4/20/2025,April,STU0315,English,Advanced,John,E-Wallet,700000,0,700000,Paid,Active,2025,2,April,16,Sunday
PAY01676,8/25/2025,August,STU0392,Speaking,Intermediate,John,Bank Transfer,650000,25000,625000,Paid,Inactive,2025,3,August,35,Monday
PAY01677,7/31/2025,July,STU0352,TOEFL,Intermediate,Linda,Cash,700000,0,700000,Paid,Inactive,2025,3,July,31,Thursday
PAY01678,1/15/2025,January,STU0224,English,Advanced,John,Bank Transfer,700000,100000,600000,Paid,Active,2025,1,January,3,Wednesday
PAY01679,3/11/2025,March,STU0091,English,Advanced,John,Unknown,700000,50000,650000,Paid,Active,2025,1,March,11,Tuesday
PAY01680,2/12/2025,February,STU0462,English,Intermediate,Sarah,Bank Transfer,5000000,50000,4950000,Paid,Inactive,2025,1,February,7,Wednesday
PAY01681,5/1/2025,May,STU0062,Speaking,Intermediate,Sarah,Bank Transfer,5000000,0,5000000,Paid,Active,2025,2,May,18,Thursday
PAY01682,6/10/2025,June,STU0384,TOEFL,Intermediate,Linda,Bank Transfer,5000000,0,5000000,Paid,Inactive,2025,2,June,24,Tuesday
PAY01683,4/20/2025,April,STU0302,English,Intermediate,Sarah,Bank Transfer,750000,100000,650000,Paid,Active,2025,2,April,16,Sunday
PAY01684,6/12/2025,June,STU0143,IELTS,Intermediate,John,Cash,750000,0,750000,Unpaid,Active,2025,2,June,24,Thursday
PAY01685,1/11/2025,January,STU0344,TOEFL,Intermediate,Sarah,Bank Transfer,500000,0,500000,Unpaid,Active,2025,1,January,2,Saturday
PAY01686,12/17/2025,December,STU0199,English,Intermediate,David,Bank Transfer,5000000,25000,4975000,Paid,Inactive,2025,4,December,51,Wednesday
PAY01687,6/2/2025,June,STU0451,English,Beginner,David,Unknown,650000,100000,550000,Paid,Active,2025,2,June,23,Monday
PAY01688,8/30/2025,August,STU0471,Math,Beginner,David,E-Wallet,700000,0,700000,Paid,Active,2025,3,August,35,Saturday
PAY01689,8/4/2025,August,STU0027,IELTS,Advanced,John,Unknown,750000,0,750000,Paid,Inactive,2025,3,August,32,Monday
PAY01690,1/2/2025,January,STU0295,Math,Beginner,Michael,Bank Transfer,650000,0,650000,Paid,Inactive,2025,1,January,1,Thursday
PAY01691,11/1/2025,November,STU0377,IELTS,Intermediate,Michael,Cash,700000,100000,600000,Paid,Active,2025,4,November,44,Saturday
PAY01692,5/25/2025,May,STU0202,English,Advanced,Linda,Cash,500000,100000,400000,Paid,Inactive,2025,2,May,21,Sunday
PAY01693,2/15/2025,February,STU0087,English,Intermediate,Unknown,Bank Transfer,650000,50000,600000,Paid,Active,2025,1,February,7,Saturday
PAY01694,3/18/2025,March,STU0061,English,Advanced,Sarah,Bank Transfer,700000,25000,675000,Unpaid,Active,2025,1,March,12,Tuesday
PAY01695,3/2/2025,March,STU0417,Speaking,Intermediate,John,Bank Transfer,650000,25000,625000,Paid,Active,2025,1,March,9,Sunday
PAY01696,4/16/2025,April,STU0215,IELTS,Intermediate,Michael,Cash,700000,0,700000,Unpaid,Active,2025,2,April,16,Wednesday
PAY01697,5/1/2025,May,STU0332,English,Beginner,John,Bank Transfer,650000,50000,600000,Paid,Active,2025,2,May,18,Thursday
PAY01698,12/21/2025,December,STU0217,Speaking,Beginner,Sarah,E-Wallet,650000,0,650000,Paid,Active,2025,4,December,51,Sunday
PAY01699,6/20/2025,June,STU0481,English,Beginner,David,E-Wallet,750000,50000,700000,Paid,Active,2025,2,June,25,Friday
PAY01700,6/4/2025,June,STU0287,English,Advanced,Michael,Bank Transfer,700000,25000,675000,Paid,Active,2025,2,June,23,Wednesday
PAY01701,6/23/2025,June,STU0272,English,Beginner,David,Cash,650000,0,650000,Unpaid,Active,2025,2,June,26,Monday
PAY01702,3/7/2025,March,STU0221,Speaking,Intermediate,Unknown,Unknown,700000,0,700000,Unpaid,Active,2025,1,March,10,Friday
PAY01703,8/12/2025,August,STU0392,IELTS,Advanced,John,Cash,700000,0,700000,Paid,Inactive,2025,3,August,33,Tuesday
PAY01704,1/28/2025,January,STU0084,English,Intermediate,Sarah,Bank Transfer,650000,0,650000,Paid,Active,2025,1,January,5,Tuesday
PAY01705,7/2/2025,July,STU0369,IELTS,Beginner,Emily,Cash,750000,100000,650000,Paid,Active,2025,3,July,27,Wednesday
PAY01706,4/3/2025,April,STU0340,TOEFL,Advanced,John,E-Wallet,5000000,50000,4950000,Paid,Inactive,2025,2,April,14,Thursday
PAY01707,8/2/2025,August,STU0455,Grammar,Beginner,David,Cash,650000,100000,550000,Paid,Active,2025,3,August,31,Saturday
PAY01708,7/21/2025,July,STU0079,English,Beginner,John,Unknown,5000000,0,5000000,Paid,Active,2025,3,July,30,Monday
PAY01709,8/21/2025,August,STU0497,English,Advanced,Unknown,Bank Transfer,5000000,0,5000000,Unpaid,Inactive,2025,3,August,34,Thursday
PAY01710,4/19/2025,April,STU0381,Math,Advanced,Unknown,Bank Transfer,700000,50000,650000,Paid,Active,2025,2,April,16,Saturday
PAY01711,5/11/2025,May,STU0437,TOEFL,Beginner,John,Unknown,650000,100000,550000,Unpaid,Active,2025,2,May,19,Sunday
PAY01712,11/28/2025,November,STU0222,Speaking,Advanced,Unknown,Bank Transfer,500000,50000,450000,Unpaid,Active,2025,4,November,48,Friday
PAY01713,7/8/2025,July,STU0244,Speaking,Advanced,Unknown,Bank Transfer,750000,100000,650000,Paid,Active,2025,3,July,28,Tuesday
PAY01714,7/8/2025,July,STU0021,Grammar,Intermediate,Linda,Cash,750000,0,750000,Paid,Inactive,2025,3,July,28,Tuesday
PAY01715,9/11/2025,September,STU0465,English,Intermediate,Michael,Bank Transfer,700000,100000,600000,Paid,Active,2025,3,September,37,Thursday
PAY01716,5/8/2025,May,STU0040,English,Advanced,Sarah,E-Wallet,700000,-50000,750000,Unpaid,Active,2025,2,May,19,Thursday
PAY01717,2/18/2025,February,STU0300,Math,Advanced,John,Cash,5000000,50000,4950000,Paid,Active,2025,1,February,8,Tuesday
PAY01718,4/2/2025,April,STU0449,Speaking,Intermediate,Unknown,Cash,750000,0,750000,Unpaid,Active,2025,2,April,14,Wednesday
PAY01719,11/16/2025,November,STU0041,Speaking,Advanced,Sarah,Bank Transfer,700000,25000,675000,Paid,Active,2025,4,November,46,Sunday
PAY01720,1/3/2025,January,STU0245,English,Advanced,John,Unknown,500000,0,500000,Paid,Active,2025,1,January,1,Friday
PAY01721,6/5/2025,June,STU0070,English,Beginner,Sarah,Unknown,750000,50000,700000,Paid,Inactive,2025,2,June,23,Thursday
PAY01722,1/14/2025,January,STU0124,English,Advanced,Sarah,Bank Transfer,750000,0,750000,Paid,Active,2025,1,January,3,Tuesday
PAY01723,8/26/2025,August,STU0086,IELTS,Advanced,John,Bank Transfer,750000,100000,650000,Unpaid,Active,2025,3,August,35,Tuesday
PAY01724,8/19/2025,August,STU0427,English,Beginner,Emily,Cash,650000,50000,600000,Paid,Active,2025,3,August,34,Tuesday
PAY01725,8/1/2025,August,STU0149,English,Intermediate,John,Bank Transfer,5000000,-50000,5050000,Paid,Active,2025,3,August,31,Friday
PAY01726,4/29/2025,April,STU0162,Math,Intermediate,John,Bank Transfer,5000000,0,5000000,Paid,Active,2025,2,April,18,Tuesday
PAY01727,11/15/2025,November,STU0083,Speaking,Advanced,Linda,Bank Transfer,750000,0,750000,Unpaid,Active,2025,4,November,46,Saturday
PAY01728,4/29/2025,April,STU0309,English,Beginner,David,Cash,5000000,0,5000000,Paid,Active,2025,2,April,18,Tuesday
PAY01729,8/2/2025,August,STU0145,Math,Advanced,John,Bank Transfer,750000,25000,725000,Paid,Inactive,2025,3,August,31,Saturday
PAY01730,3/22/2025,March,STU0253,Speaking,Beginner,Linda,E-Wallet,500000,100000,400000,Paid,Active,2025,1,March,12,Saturday
PAY01731,7/3/2025,July,STU0424,English,Beginner,Emily,Bank Transfer,700000,0,700000,Paid,Inactive,2025,3,July,27,Thursday
PAY01732,3/3/2025,March,STU0402,Grammar,Beginner,Sarah,Bank Transfer,750000,50000,700000,Paid,Active,2025,1,March,10,Monday
PAY01733,12/28/2025,December,STU0387,Math,Beginner,Unknown,E-Wallet,750000,100000,650000,Paid,Active,2025,4,December,52,Sunday
PAY01734,9/17/2025,September,STU0106,Grammar,Beginner,David,Cash,650000,0,650000,Unpaid,Active,2025,3,September,38,Wednesday
PAY01735,2/20/2025,February,STU0063,TOEFL,Intermediate,John,Unknown,700000,50000,650000,Paid,Inactive,2025,1,February,8,Thursday
PAY01736,8/31/2025,August,STU0137,Grammar,Advanced,John,Bank Transfer,700000,-50000,750000,Paid,Inactive,2025,3,August,35,Sunday
PAY01737,3/19/2025,March,STU0212,English,Intermediate,Sarah,Unknown,650000,25000,625000,Paid,Active,2025,1,March,12,Wednesday
PAY01738,1/16/2025,January,STU0265,Math,Beginner,Emily,Bank Transfer,650000,0,650000,Unpaid,Inactive,2025,1,January,3,Thursday
PAY01739,8/11/2025,August,STU0329,IELTS,Advanced,John,Cash,750000,0,750000,Paid,Active,2025,3,August,33,Monday
PAY01740,8/3/2025,August,STU0161,Grammar,Beginner,David,E-Wallet,5000000,50000,4950000,Paid,Inactive,2025,3,August,31,Sunday
PAY01741,12/25/2025,December,STU0279,English,Advanced,Emily,Unknown,750000,0,750000,Paid,Active,2025,4,December,52,Thursday
PAY01742,4/12/2025,April,STU0200,IELTS,Advanced,Sarah,Bank Transfer,500000,0,500000,Paid,Active,2025,2,April,15,Saturday
PAY01743,9/19/2025,September,STU0082,English,Beginner,Sarah,E-Wallet,5000000,50000,4950000,Unpaid,Inactive,2025,3,September,38,Friday
PAY01744,6/5/2025,June,STU0431,Grammar,Intermediate,Sarah,Bank Transfer,5000000,0,5000000,Paid,Active,2025,2,June,23,Thursday
PAY01745,11/30/2025,November,STU0003,English,Intermediate,Linda,Unknown,750000,50000,700000,Paid,Inactive,2025,4,November,48,Sunday
PAY01746,6/29/2025,June,STU0367,IELTS,Advanced,John,E-Wallet,700000,0,700000,Paid,Inactive,2025,2,June,26,Sunday
PAY01747,2/23/2025,February,STU0399,Grammar,Intermediate,Sarah,Bank Transfer,5000000,-50000,5050000,Paid,Active,2025,1,February,8,Sunday
PAY01748,7/30/2025,July,STU0067,English,Beginner,John,Cash,500000,0,500000,Unpaid,Active,2025,3,July,31,Wednesday
PAY01749,10/29/2025,October,STU0217,English,Advanced,John,Cash,700000,-50000,750000,Unpaid,Inactive,2025,4,October,44,Wednesday
PAY01750,3/15/2025,March,STU0496,Math,Advanced,Linda,Bank Transfer,750000,0,750000,Unpaid,Active,2025,1,March,11,Saturday
PAY01751,3/22/2025,March,STU0057,Math,Intermediate,Unknown,Bank Transfer,500000,-50000,550000,Paid,Inactive,2025,1,March,12,Saturday
PAY01752,3/2/2025,March,STU0249,English,Beginner,Michael,Unknown,700000,50000,650000,Paid,Active,2025,1,March,9,Sunday
PAY01753,1/25/2025,January,STU0379,English,Beginner,Sarah,E-Wallet,700000,25000,675000,Unpaid,Active,2025,1,January,4,Saturday
PAY01754,1/23/2025,January,STU0232,Grammar,Intermediate,John,Unknown,750000,-50000,800000,Paid,Inactive,2025,1,January,4,Thursday
PAY01755,3/12/2025,March,STU0444,Grammar,Beginner,Unknown,Cash,750000,0,750000,Paid,Active,2025,1,March,11,Wednesday
PAY01756,7/18/2025,July,STU0491,English,Advanced,David,Cash,750000,50000,700000,Paid,Inactive,2025,3,July,29,Friday
PAY01757,12/29/2025,December,STU0363,Speaking,Advanced,Sarah,Cash,5000000,0,5000000,Paid,Active,2025,4,December,1,Monday
PAY01758,4/9/2025,April,STU0244,English,Beginner,Sarah,Bank Transfer,5000000,-50000,5050000,Paid,Active,2025,2,April,15,Wednesday
PAY01759,4/16/2025,April,STU0274,Grammar,Intermediate,Unknown,Cash,5000000,100000,4900000,Unpaid,Active,2025,2,April,16,Wednesday
PAY01760,6/24/2025,June,STU0271,Grammar,Intermediate,David,Cash,650000,100000,550000,Paid,Active,2025,2,June,26,Tuesday
PAY01761,10/5/2025,October,STU0394,Math,Beginner,David,Bank Transfer,700000,25000,675000,Paid,Inactive,2025,4,October,40,Sunday
PAY01762,1/31/2025,January,STU0153,English,Beginner,Emily,Bank Transfer,650000,0,650000,Unpaid,Active,2025,1,January,5,Friday
PAY01763,5/13/2025,May,STU0386,TOEFL,Intermediate,Sarah,Unknown,500000,0,500000,Paid,Active,2025,2,May,20,Tuesday
PAY01764,2/28/2025,February,STU0209,Math,Intermediate,John,Bank Transfer,500000,50000,450000,Paid,Inactive,2025,1,February,9,Friday
PAY01765,1/10/2025,January,STU0127,IELTS,Intermediate,Unknown,Bank Transfer,5000000,-50000,5050000,Unpaid,Active,2025,1,January,2,Friday
PAY01766,11/22/2025,November,STU0087,TOEFL,Advanced,John,E-Wallet,650000,50000,600000,Unpaid,Active,2025,4,November,47,Saturday
PAY01767,1/1/2025,January,STU0086,English,Beginner,John,Bank Transfer,5000000,50000,4950000,Paid,Active,2025,1,January,1,Wednesday
PAY01768,12/15/2025,December,STU0431,Speaking,Beginner,Michael,Cash,700000,0,700000,Paid,Active,2025,4,December,51,Monday
PAY01769,6/3/2025,June,STU0072,Speaking,Intermediate,Linda,E-Wallet,750000,0,750000,Paid,Active,2025,2,June,23,Tuesday
PAY01770,12/16/2025,December,STU0126,Grammar,Intermediate,Linda,Bank Transfer,700000,0,700000,Paid,Active,2025,4,December,51,Tuesday
PAY01771,1/9/2025,January,STU0462,English,Advanced,Michael,Bank Transfer,500000,-50000,550000,Paid,Active,2025,1,January,2,Thursday
PAY01772,7/21/2025,July,STU0427,English,Advanced,Sarah,Bank Transfer,500000,-50000,550000,Unpaid,Active,2025,3,July,30,Monday
PAY01773,7/18/2025,July,STU0480,TOEFL,Intermediate,John,Bank Transfer,500000,0,500000,Paid,Active,2025,3,July,29,Friday
PAY01774,5/24/2025,May,STU0321,Speaking,Advanced,Linda,Bank Transfer,650000,0,650000,Unpaid,Active,2025,2,May,21,Saturday
PAY01775,1/19/2025,January,STU0108,English,Beginner,John,Cash,750000,0,750000,Unpaid,Active,2025,1,January,3,Sunday
PAY01776,3/29/2025,March,STU0290,IELTS,Beginner,Unknown,Bank Transfer,5000000,0,5000000,Paid,Active,2025,1,March,13,Saturday
PAY01777,3/7/2025,March,STU0374,Speaking,Beginner,John,Cash,5000000,25000,4975000,Paid,Active,2025,1,March,10,Friday
PAY01778,12/15/2025,December,STU0483,English,Intermediate,John,Unknown,500000,100000,400000,Unpaid,Active,2025,4,December,51,Monday
PAY01779,3/4/2025,March,STU0023,TOEFL,Beginner,David,Bank Transfer,750000,50000,700000,Paid,Active,2025,1,March,10,Tuesday
PAY01780,6/11/2025,June,STU0451,English,Advanced,Linda,Cash,750000,25000,725000,Unpaid,Active,2025,2,June,24,Wednesday
PAY01781,5/8/2025,May,STU0321,Math,Beginner,John,Bank Transfer,650000,50000,600000,Paid,Active,2025,2,May,19,Thursday
PAY01782,5/9/2025,May,STU0175,English,Intermediate,Sarah,Unknown,500000,100000,400000,Paid,Active,2025,2,May,19,Friday
PAY01783,11/4/2025,November,STU0064,Math,Beginner,John,Bank Transfer,500000,0,500000,Unpaid,Active,2025,4,November,45,Tuesday
PAY01784,3/7/2025,March,STU0321,English,Beginner,Sarah,Cash,750000,0,750000,Paid,Active,2025,1,March,10,Friday
PAY01785,5/31/2025,May,STU0211,TOEFL,Advanced,Unknown,Cash,750000,0,750000,Unpaid,Active,2025,2,May,22,Saturday
PAY01786,8/26/2025,August,STU0334,English,Intermediate,Sarah,Bank Transfer,5000000,-50000,5050000,Paid,Inactive,2025,3,August,35,Tuesday
PAY01787,2/25/2025,February,STU0304,TOEFL,Advanced,Michael,Cash,500000,-50000,550000,Paid,Active,2025,1,February,9,Tuesday
PAY01788,7/1/2025,July,STU0096,TOEFL,Beginner,John,Cash,750000,0,750000,Paid,Active,2025,3,July,27,Tuesday
PAY01789,10/27/2025,October,STU0160,IELTS,Beginner,John,Bank Transfer,5000000,0,5000000,Paid,Active,2025,4,October,44,Monday
PAY01790,5/30/2025,May,STU0348,IELTS,Beginner,Linda,E-Wallet,500000,-50000,550000,Paid,Active,2025,2,May,22,Friday
PAY01791,8/5/2025,August,STU0104,Math,Intermediate,Linda,Cash,650000,25000,625000,Unpaid,Active,2025,3,August,32,Tuesday
PAY01792,11/4/2025,November,STU0316,Speaking,Intermediate,Emily,Bank Transfer,5000000,-50000,5050000,Paid,Active,2025,4,November,45,Tuesday
PAY01793,1/22/2025,January,STU0355,TOEFL,Intermediate,Unknown,Bank Transfer,650000,0,650000,Paid,Active,2025,1,January,4,Wednesday
PAY01794,6/19/2025,June,STU0004,Grammar,Beginner,Sarah,Bank Transfer,650000,100000,550000,Paid,Active,2025,2,June,25,Thursday
PAY01795,3/14/2025,March,STU0468,Grammar,Beginner,John,Bank Transfer,750000,25000,725000,Paid,Active,2025,1,March,11,Friday
PAY01796,3/31/2025,March,STU0434,TOEFL,Beginner,Linda,Cash,700000,0,700000,Paid,Active,2025,1,March,14,Monday
PAY01797,2/21/2025,February,STU0454,Math,Intermediate,Linda,Bank Transfer,650000,100000,550000,Unpaid,Inactive,2025,1,February,8,Friday
PAY01798,7/9/2025,July,STU0320,English,Advanced,Sarah,Cash,650000,-50000,700000,Paid,Inactive,2025,3,July,28,Wednesday
PAY01799,4/8/2025,April,STU0163,English,Advanced,Linda,Cash,5000000,100000,4900000,Paid,Inactive,2025,2,April,15,Tuesday
PAY01800,10/2/2025,October,STU0323,Speaking,Beginner,Sarah,E-Wallet,650000,50000,600000,Unpaid,Inactive,2025,4,October,40,Thursday
PAY01801,2/11/2025,February,STU0199,Grammar,Intermediate,Sarah,Bank Transfer,5000000,0,5000000,Paid,Active,2025,1,February,7,Tuesday
PAY01802,12/31/2025,December,STU0490,English,Intermediate,David,E-Wallet,5000000,0,5000000,Unpaid,Active,2025,4,December,1,Wednesday
PAY01803,4/17/2025,April,STU0203,TOEFL,Intermediate,John,Bank Transfer,650000,100000,550000,Paid,Inactive,2025,2,April,16,Thursday
PAY01804,7/11/2025,July,STU0044,Speaking,Intermediate,Sarah,Bank Transfer,5000000,0,5000000,Paid,Active,2025,3,July,28,Friday
PAY01805,8/27/2025,August,STU0210,Grammar,Intermediate,Emily,Bank Transfer,750000,100000,650000,Unpaid,Active,2025,3,August,35,Wednesday
PAY01806,4/2/2025,April,STU0184,Math,Intermediate,Sarah,E-Wallet,650000,50000,600000,Paid,Active,2025,2,April,14,Wednesday
PAY01807,5/22/2025,May,STU0020,TOEFL,Intermediate,Linda,Cash,500000,0,500000,Unpaid,Active,2025,2,May,21,Thursday
PAY01808,6/4/2025,June,STU0071,Speaking,Beginner,David,Bank Transfer,650000,0,650000,Unpaid,Active,2025,2,June,23,Wednesday
PAY01809,7/27/2025,July,STU0390,IELTS,Intermediate,Linda,Bank Transfer,750000,0,750000,Paid,Inactive,2025,3,July,30,Sunday
PAY01810,8/31/2025,August,STU0388,English,Advanced,John,Bank Transfer,5000000,-50000,5050000,Paid,Active,2025,3,August,35,Sunday
PAY01811,4/7/2025,April,STU0437,English,Intermediate,Michael,E-Wallet,750000,25000,725000,Paid,Active,2025,2,April,15,Monday
PAY01812,1/5/2025,January,STU0218,English,Advanced,Sarah,Bank Transfer,700000,50000,650000,Unpaid,Active,2025,1,January,1,Sunday
PAY01813,10/18/2025,October,STU0170,English,Intermediate,Linda,Bank Transfer,650000,25000,625000,Paid,Active,2025,4,October,42,Saturday
PAY01814,4/7/2025,April,STU0232,Speaking,Beginner,Michael,Cash,500000,50000,450000,Paid,Inactive,2025,2,April,15,Monday
PAY01815,1/17/2025,January,STU0467,English,Intermediate,Linda,Bank Transfer,500000,25000,475000,Unpaid,Active,2025,1,January,3,Friday
PAY01816,8/21/2025,August,STU0168,English,Intermediate,Michael,Cash,700000,-50000,-750000,Paid,Active,2025,3,August,34,Thursday
PAY01817,9/2/2025,September,STU0106,Speaking,Intermediate,John,Bank Transfer,750000,25000,725000,Paid,Active,2025,3,September,36,Tuesday
PAY01818,10/28/2025,October,STU0142,TOEFL,Beginner,Michael,Bank Transfer,5000000,0,5000000,Paid,Active,2025,4,October,44,Tuesday
PAY01819,11/6/2025,November,STU0451,English,Intermediate,John,E-Wallet,5000000,50000,4950000,Paid,Active,2025,4,November,45,Thursday
PAY01820,5/28/2025,May,STU0406,Speaking,Intermediate,Unknown,Unknown,700000,0,700000,Paid,Active,2025,2,May,22,Wednesday
PAY01821,5/8/2025,May,STU0197,IELTS,Advanced,Unknown,Cash,5000000,0,5000000,Unpaid,Active,2025,2,May,19,Thursday
PAY01822,5/3/2025,May,STU0342,Math,Advanced,Linda,Bank Transfer,700000,0,700000,Unpaid,Active,2025,2,May,18,Saturday
PAY01823,7/8/2025,July,STU0167,English,Intermediate,Michael,Bank Transfer,500000,-50000,550000,Paid,Active,2025,3,July,28,Tuesday
PAY01824,8/25/2025,August,STU0384,English,Intermediate,Emily,Cash,500000,0,500000,Unpaid,Inactive,2025,3,August,35,Monday
PAY01825,7/23/2025,July,STU0470,IELTS,Intermediate,John,Bank Transfer,500000,50000,450000,Unpaid,Active,2025,3,July,30,Wednesday
PAY01826,2/12/2025,February,STU0143,IELTS,Beginner,John,E-Wallet,750000,25000,725000,Paid,Inactive,2025,1,February,7,Wednesday
PAY01827,5/31/2025,May,STU0040,English,Advanced,David,Bank Transfer,5000000,0,5000000,Unpaid,Active,2025,2,May,22,Saturday
PAY01828,4/2/2025,April,STU0227,English,Advanced,Sarah,Cash,500000,0,500000,Paid,Active,2025,2,April,14,Wednesday
PAY01829,7/19/2025,July,STU0025,English,Beginner,Linda,Bank Transfer,750000,0,750000,Paid,Inactive,2025,3,July,29,Saturday
PAY01830,2/16/2025,February,STU0173,TOEFL,Advanced,Sarah,Bank Transfer,750000,0,750000,Paid,Inactive,2025,1,February,7,Sunday
PAY01831,3/27/2025,March,STU0168,Grammar,Advanced,Linda,E-Wallet,750000,-50000,800000,Paid,Active,2025,1,March,13,Thursday
PAY01832,8/8/2025,August,STU0166,IELTS,Beginner,John,Cash,650000,25000,625000,Unpaid,Active,2025,3,August,32,Friday
PAY01833,7/19/2025,July,STU0418,Speaking,Advanced,Unknown,Bank Transfer,750000,25000,725000,Paid,Active,2025,3,July,29,Saturday
PAY01834,4/22/2025,April,STU0053,IELTS,Intermediate,Sarah,E-Wallet,700000,-50000,750000,Unpaid,Active,2025,2,April,17,Tuesday
PAY01835,12/14/2025,December,STU0453,Grammar,Advanced,John,Cash,700000,25000,675000,Unpaid,Active,2025,4,December,50,Sunday
PAY01836,11/8/2025,November,STU0120,English,Beginner,John,E-Wallet,750000,-50000,800000,Paid,Active,2025,4,November,45,Saturday
PAY01837,5/2/2025,May,STU0071,Grammar,Intermediate,David,Bank Transfer,650000,-50000,700000,Paid,Active,2025,2,May,18,Friday
PAY01838,4/15/2025,April,STU0485,English,Advanced,Emily,Bank Transfer,650000,0,650000,Unpaid,Active,2025,2,April,16,Tuesday
PAY01839,11/26/2025,November,STU0148,English,Beginner,Emily,Bank Transfer,5000000,100000,4900000,Paid,Inactive,2025,4,November,48,Wednesday
PAY01840,10/4/2025,October,STU0114,English,Advanced,Emily,Bank Transfer,650000,0,650000,Unpaid,Active,2025,4,October,40,Saturday
PAY01841,2/3/2025,February,STU0073,TOEFL,Beginner,Sarah,Bank Transfer,500000,25000,475000,Paid,Inactive,2025,1,February,6,Monday
PAY01842,5/1/2025,May,STU0085,TOEFL,Beginner,John,Bank Transfer,750000,0,750000,Paid,Inactive,2025,2,May,18,Thursday
PAY01843,6/5/2025,June,STU0104,Speaking,Intermediate,Sarah,Bank Transfer,5000000,100000,4900000,Unpaid,Active,2025,2,June,23,Thursday
PAY01844,3/27/2025,March,STU0377,English,Beginner,John,Cash,750000,100000,650000,Unpaid,Active,2025,1,March,13,Thursday
PAY01845,2/12/2025,February,STU0373,IELTS,Intermediate,John,Bank Transfer,5000000,-50000,5050000,Unpaid,Active,2025,1,February,7,Wednesday
PAY01846,5/26/2025,May,STU0171,IELTS,Advanced,John,Bank Transfer,5000000,-50000,5050000,Paid,Inactive,2025,2,May,22,Monday
PAY01847,1/3/2025,January,STU0252,English,Intermediate,John,Cash,5000000,0,5000000,Unpaid,Active,2025,1,January,1,Friday
PAY01848,9/8/2025,September,STU0020,Math,Intermediate,Unknown,Bank Transfer,5000000,0,5000000,Paid,Active,2025,3,September,37,Monday
PAY01849,5/11/2025,May,STU0353,Grammar,Advanced,John,Cash,5000000,0,5000000,Unpaid,Active,2025,2,May,19,Sunday
PAY01850,5/7/2025,May,STU0186,English,Advanced,Michael,Bank Transfer,750000,0,750000,Paid,Active,2025,2,May,19,Wednesday
PAY01851,12/15/2025,December,STU0488,IELTS,Beginner,Sarah,Unknown,700000,25000,675000,Paid,Active,2025,4,December,51,Monday
PAY01852,7/23/2025,July,STU0085,English,Intermediate,David,E-Wallet,5000000,25000,4975000,Paid,Active,2025,3,July,30,Wednesday
PAY01853,10/28/2025,October,STU0056,Grammar,Beginner,David,Cash,750000,0,750000,Paid,Active,2025,4,October,44,Tuesday
PAY01854,12/24/2025,December,STU0001,Math,Beginner,John,E-Wallet,500000,25000,475000,Unpaid,Active,2025,4,December,52,Wednesday
PAY01855,8/9/2025,August,STU0069,TOEFL,Intermediate,Michael,E-Wallet,650000,50000,600000,Paid,Active,2025,3,August,32,Saturday
PAY01856,10/18/2025,October,STU0094,TOEFL,Intermediate,John,Bank Transfer,650000,25000,625000,Paid,Active,2025,4,October,42,Saturday
PAY01857,11/22/2025,November,STU0064,Speaking,Beginner,Emily,Cash,500000,50000,450000,Paid,Inactive,2025,4,November,47,Saturday
PAY01858,9/2/2025,September,STU0385,English,Advanced,Unknown,Unknown,500000,0,500000,Paid,Active,2025,3,September,36,Tuesday
PAY01859,4/19/2025,April,STU0493,Speaking,Intermediate,John,Unknown,750000,-50000,800000,Unpaid,Active,2025,2,April,16,Saturday
PAY01860,6/22/2025,June,STU0482,Grammar,Advanced,John,Bank Transfer,700000,50000,650000,Paid,Active,2025,2,June,25,Sunday
PAY01861,7/2/2025,July,STU0358,English,Advanced,Michael,Cash,500000,0,500000,Paid,Active,2025,3,July,27,Wednesday
PAY01862,9/29/2025,September,STU0352,English,Advanced,John,Cash,650000,50000,600000,Paid,Active,2025,3,September,40,Monday
PAY01863,11/23/2025,November,STU0024,Grammar,Advanced,John,Bank Transfer,500000,0,500000,Paid,Active,2025,4,November,47,Sunday
PAY01864,7/24/2025,July,STU0483,English,Advanced,Sarah,Cash,700000,100000,600000,Unpaid,Active,2025,3,July,30,Thursday
PAY01865,11/7/2025,November,STU0402,English,Beginner,John,Unknown,650000,-50000,700000,Paid,Active,2025,4,November,45,Friday
PAY01866,12/11/2025,December,STU0247,TOEFL,Beginner,Linda,Bank Transfer,650000,100000,550000,Paid,Active,2025,4,December,50,Thursday
PAY01867,2/24/2025,February,STU0168,English,Intermediate,Linda,Cash,500000,25000,475000,Unpaid,Active,2025,1,February,9,Monday
PAY01868,12/10/2025,December,STU0252,Math,Advanced,Emily,Unknown,650000,-50000,700000,Paid,Active,2025,4,December,50,Wednesday
PAY01869,11/26/2025,November,STU0372,English,Advanced,Sarah,Unknown,750000,0,750000,Unpaid,Inactive,2025,4,November,48,Wednesday
PAY01870,4/25/2025,April,STU0046,Grammar,Advanced,Unknown,Bank Transfer,500000,50000,450000,Paid,Active,2025,2,April,17,Friday
PAY01871,10/21/2025,October,STU0296,English,Intermediate,John,E-Wallet,650000,50000,600000,Paid,Inactive,2025,4,October,43,Tuesday
PAY01872,7/18/2025,July,STU0479,IELTS,Advanced,Unknown,E-Wallet,700000,50000,650000,Paid,Active,2025,3,July,29,Friday
PAY01873,7/22/2025,July,STU0418,Speaking,Beginner,John,Cash,5000000,100000,4900000,Unpaid,Inactive,2025,3,July,30,Tuesday
PAY01874,11/4/2025,November,STU0411,English,Advanced,Emily,Bank Transfer,650000,0,650000,Paid,Active,2025,4,November,45,Tuesday
PAY01875,5/21/2025,May,STU0495,English,Beginner,Emily,Bank Transfer,650000,100000,550000,Paid,Inactive,2025,2,May,21,Wednesday
PAY01876,4/26/2025,April,STU0154,IELTS,Beginner,Sarah,Bank Transfer,650000,100000,550000,Unpaid,Active,2025,2,April,17,Saturday
PAY01877,12/14/2025,December,STU0271,Speaking,Intermediate,Linda,Cash,700000,100000,600000,Paid,Active,2025,4,December,50,Sunday
PAY01878,2/19/2025,February,STU0028,Speaking,Intermediate,Michael,E-Wallet,700000,-50000,750000,Paid,Active,2025,1,February,8,Wednesday
PAY01879,12/23/2025,December,STU0412,TOEFL,Advanced,John,Bank Transfer,700000,25000,675000,Paid,Active,2025,4,December,52,Tuesday
PAY01880,12/14/2025,December,STU0087,English,Beginner,Emily,Bank Transfer,750000,100000,650000,Paid,Active,2025,4,December,50,Sunday
PAY01881,3/2/2025,March,STU0322,English,Beginner,John,Cash,5000000,100000,4900000,Paid,Active,2025,1,March,9,Sunday
PAY01882,9/8/2025,September,STU0193,Math,Intermediate,John,Bank Transfer,5000000,25000,4975000,Paid,Active,2025,3,September,37,Monday
PAY01883,7/8/2025,July,STU0251,TOEFL,Beginner,Unknown,E-Wallet,500000,0,500000,Paid,Active,2025,3,July,28,Tuesday
PAY01884,5/21/2025,May,STU0331,English,Intermediate,Unknown,Bank Transfer,5000000,25000,4975000,Paid,Active,2025,2,May,21,Wednesday
PAY01885,2/2/2025,February,STU0285,English,Beginner,Sarah,Unknown,750000,0,750000,Paid,Active,2025,1,February,5,Sunday
PAY01886,4/17/2025,April,STU0003,English,Intermediate,Sarah,Cash,650000,-50000,700000,Paid,Inactive,2025,2,April,16,Thursday
PAY01887,12/1/2025,December,STU0386,English,Beginner,Sarah,E-Wallet,500000,-50000,550000,Unpaid,Active,2025,4,December,49,Monday
PAY01888,10/6/2025,October,STU0154,English,Advanced,David,Cash,750000,0,750000,Paid,Active,2025,4,October,41,Monday
PAY01889,3/13/2025,March,STU0181,TOEFL,Advanced,Sarah,Cash,700000,-50000,750000,Paid,Inactive,2025,1,March,11,Thursday
PAY01890,1/19/2025,January,STU0111,IELTS,Advanced,Sarah,Bank Transfer,650000,50000,600000,Paid,Active,2025,1,January,3,Sunday
PAY01891,5/23/2025,May,STU0131,Speaking,Intermediate,Michael,Bank Transfer,5000000,100000,4900000,Unpaid,Active,2025,2,May,21,Friday
PAY01892,5/11/2025,May,STU0323,Speaking,Advanced,Linda,Cash,650000,-50000,700000,Unpaid,Inactive,2025,2,May,19,Sunday
PAY01893,8/3/2025,August,STU0494,TOEFL,Beginner,David,Cash,700000,100000,600000,Paid,Active,2025,3,August,31,Sunday
PAY01894,12/17/2025,December,STU0186,Grammar,Intermediate,Michael,Unknown,500000,50000,450000,Paid,Active,2025,4,December,51,Wednesday
PAY01895,1/6/2025,January,STU0054,Math,Beginner,Sarah,Cash,750000,25000,725000,Unpaid,Active,2025,1,January,2,Monday
PAY01896,2/18/2025,February,STU0312,Math,Beginner,Michael,Bank Transfer,5000000,50000,4950000,Unpaid,Inactive,2025,1,February,8,Tuesday
PAY01897,6/26/2025,June,STU0005,IELTS,Advanced,Michael,Bank Transfer,750000,-50000,800000,Unpaid,Active,2025,2,June,26,Thursday
PAY01898,1/28/2025,January,STU0362,English,Beginner,John,Bank Transfer,650000,0,650000,Unpaid,Active,2025,1,January,5,Tuesday
PAY01899,5/22/2025,May,STU0417,TOEFL,Intermediate,Sarah,Bank Transfer,5000000,0,5000000,Unpaid,Active,2025,2,May,21,Thursday
PAY01900,2/16/2025,February,STU0048,IELTS,Advanced,John,Cash,500000,0,500000,Paid,Active,2025,1,February,7,Sunday
PAY01901,10/11/2025,October,STU0478,IELTS,Intermediate,John,E-Wallet,500000,100000,400000,Paid,Active,2025,4,October,41,Saturday
PAY01902,7/27/2025,July,STU0382,English,Advanced,John,Cash,5000000,25000,4975000,Paid,Active,2025,3,July,30,Sunday
PAY01903,5/6/2025,May,STU0346,TOEFL,Beginner,Sarah,Bank Transfer,5000000,100000,4900000,Paid,Active,2025,2,May,19,Tuesday
PAY01904,1/27/2025,January,STU0497,Math,Intermediate,Linda,Unknown,750000,100000,650000,Paid,Active,2025,1,January,5,Monday
PAY01905,5/29/2025,May,STU0002,English,Beginner,David,Cash,750000,50000,700000,Paid,Active,2025,2,May,22,Thursday
PAY01906,8/26/2025,August,STU0236,Grammar,Intermediate,Emily,Cash,500000,50000,-450000,Paid,Active,2025,3,August,35,Tuesday
PAY01907,4/6/2025,April,STU0252,TOEFL,Beginner,Sarah,E-Wallet,700000,0,700000,Paid,Active,2025,2,April,14,Sunday
PAY01908,3/5/2025,March,STU0129,TOEFL,Intermediate,John,Bank Transfer,500000,25000,475000,Unpaid,Active,2025,1,March,10,Wednesday
PAY01909,8/8/2025,August,STU0225,English,Beginner,Michael,Bank Transfer,5000000,50000,4950000,Paid,Active,2025,3,August,32,Friday
PAY01910,1/3/2025,January,STU0021,IELTS,Intermediate,John,Cash,650000,0,650000,Unpaid,Active,2025,1,January,1,Friday
PAY01911,3/24/2025,March,STU0061,English,Intermediate,Sarah,Bank Transfer,750000,0,750000,Paid,Inactive,2025,1,March,13,Monday
PAY01912,6/16/2025,June,STU0432,English,Beginner,Sarah,Cash,5000000,0,5000000,Paid,Inactive,2025,2,June,25,Monday
PAY01913,3/21/2025,March,STU0122,English,Advanced,Emily,Bank Transfer,5000000,0,5000000,Paid,Active,2025,1,March,12,Friday
PAY01914,8/11/2025,August,STU0390,English,Beginner,Unknown,Bank Transfer,700000,50000,650000,Paid,Inactive,2025,3,August,33,Monday
PAY01915,5/8/2025,May,STU0127,English,Beginner,John,Cash,500000,50000,450000,Paid,Inactive,2025,2,May,19,Thursday
PAY01916,4/7/2025,April,STU0020,Speaking,Beginner,Michael,Bank Transfer,650000,0,650000,Paid,Inactive,2025,2,April,15,Monday
PAY01917,2/16/2025,February,STU0359,TOEFL,Beginner,Emily,Bank Transfer,750000,100000,650000,Unpaid,Active,2025,1,February,7,Sunday
PAY01918,9/19/2025,September,STU0187,Speaking,Intermediate,John,Bank Transfer,500000,50000,450000,Unpaid,Active,2025,3,September,38,Friday
PAY01919,4/4/2025,April,STU0165,TOEFL,Intermediate,John,Bank Transfer,500000,0,500000,Paid,Active,2025,2,April,14,Friday
PAY01920,8/9/2025,August,STU0156,Math,Beginner,John,Cash,700000,100000,600000,Paid,Inactive,2025,3,August,32,Saturday
PAY01921,6/19/2025,June,STU0271,Grammar,Beginner,David,Bank Transfer,700000,0,700000,Paid,Active,2025,2,June,25,Thursday
PAY01922,2/14/2025,February,STU0062,English,Advanced,Linda,Bank Transfer,650000,0,650000,Paid,Active,2025,1,February,7,Friday
PAY01923,2/20/2025,February,STU0372,English,Beginner,Sarah,Cash,5000000,-50000,5050000,Paid,Active,2025,1,February,8,Thursday
PAY01924,3/7/2025,March,STU0457,Grammar,Intermediate,John,Cash,750000,-50000,800000,Paid,Active,2025,1,March,10,Friday
PAY01925,8/12/2025,August,STU0488,English,Beginner,Unknown,Bank Transfer,750000,100000,650000,Paid,Inactive,2025,3,August,33,Tuesday
PAY01926,5/29/2025,May,STU0356,TOEFL,Advanced,John,Bank Transfer,5000000,0,5000000,Paid,Active,2025,2,May,22,Thursday
PAY01927,3/26/2025,March,STU0200,English,Advanced,David,Bank Transfer,5000000,100000,4900000,Paid,Active,2025,1,March,13,Wednesday
PAY01928,3/23/2025,March,STU0476,English,Advanced,Sarah,Bank Transfer,5000000,0,5000000,Unpaid,Inactive,2025,1,March,12,Sunday
PAY01929,6/1/2025,June,STU0024,TOEFL,Intermediate,John,Cash,5000000,0,5000000,Paid,Active,2025,2,June,22,Sunday
PAY01930,3/10/2025,March,STU0422,TOEFL,Advanced,Sarah,Cash,500000,0,500000,Paid,Active,2025,1,March,11,Monday
PAY01931,11/20/2025,November,STU0453,Speaking,Advanced,Michael,Bank Transfer,700000,0,700000,Paid,Active,2025,4,November,47,Thursday
PAY01932,6/16/2025,June,STU0495,Speaking,Beginner,David,Cash,500000,50000,450000,Paid,Active,2025,2,June,25,Monday
PAY01933,12/19/2025,December,STU0283,TOEFL,Intermediate,Linda,Bank Transfer,700000,0,700000,Unpaid,Inactive,2025,4,December,51,Friday
PAY01934,10/25/2025,October,STU0372,English,Intermediate,Michael,Bank Transfer,650000,100000,550000,Paid,Active,2025,4,October,43,Saturday
PAY01935,4/3/2025,April,STU0252,IELTS,Advanced,David,Cash,650000,25000,625000,Unpaid,Inactive,2025,2,April,14,Thursday
PAY01936,4/1/2025,April,STU0037,English,Beginner,John,Cash,5000000,25000,4975000,Unpaid,Active,2025,2,April,14,Tuesday
PAY01937,9/27/2025,September,STU0197,English,Beginner,John,Unknown,500000,-50000,550000,Paid,Active,2025,3,September,39,Saturday
PAY01938,3/9/2025,March,STU0322,English,Beginner,Sarah,E-Wallet,500000,50000,450000,Paid,Active,2025,1,March,10,Sunday
PAY01939,12/29/2025,December,STU0289,English,Beginner,David,Bank Transfer,650000,25000,625000,Unpaid,Inactive,2025,4,December,1,Monday
PAY01940,5/5/2025,May,STU0279,Math,Beginner,John,Cash,5000000,0,5000000,Paid,Active,2025,2,May,19,Monday
PAY01941,2/22/2025,February,STU0013,TOEFL,Intermediate,John,Bank Transfer,650000,0,650000,Unpaid,Active,2025,1,February,8,Saturday
PAY01942,4/26/2025,April,STU0057,TOEFL,Beginner,David,Bank Transfer,500000,100000,400000,Paid,Active,2025,2,April,17,Saturday
PAY01943,3/2/2025,March,STU0092,English,Advanced,Emily,E-Wallet,500000,0,500000,Paid,Active,2025,1,March,9,Sunday
PAY01944,3/18/2025,March,STU0054,Speaking,Intermediate,Emily,Bank Transfer,5000000,50000,4950000,Paid,Active,2025,1,March,12,Tuesday
PAY01945,1/2/2025,January,STU0229,English,Beginner,Sarah,E-Wallet,650000,50000,600000,Unpaid,Active,2025,1,January,1,Thursday
PAY01946,3/16/2025,March,STU0198,Grammar,Intermediate,John,Bank Transfer,700000,25000,675000,Unpaid,Active,2025,1,March,11,Sunday
PAY01947,11/5/2025,November,STU0197,English,Advanced,John,E-Wallet,650000,0,650000,Paid,Active,2025,4,November,45,Wednesday
PAY01948,9/30/2025,September,STU0216,TOEFL,Advanced,Sarah,Bank Transfer,750000,0,750000,Unpaid,Active,2025,3,September,40,Tuesday
PAY01949,4/15/2025,April,STU0069,Math,Beginner,Emily,Bank Transfer,700000,-50000,750000,Paid,Active,2025,2,April,16,Tuesday
PAY01950,8/24/2025,August,STU0424,TOEFL,Beginner,Michael,Cash,5000000,100000,4900000,Paid,Inactive,2025,3,August,34,Sunday
PAY01951,7/13/2025,July,STU0055,Math,Intermediate,Unknown,Unknown,750000,50000,700000,Paid,Active,2025,3,July,28,Sunday
PAY01952,3/17/2025,March,STU0007,English,Beginner,Michael,Bank Transfer,650000,0,650000,Paid,Inactive,2025,1,March,12,Monday
PAY01953,9/28/2025,September,STU0228,English,Intermediate,Sarah,Bank Transfer,750000,100000,650000,Paid,Active,2025,3,September,39,Sunday
PAY01954,11/6/2025,November,STU0427,English,Advanced,John,E-Wallet,5000000,25000,-4975000,Paid,Active,2025,4,November,45,Thursday
PAY01955,10/20/2025,October,STU0140,Math,Advanced,John,Bank Transfer,650000,100000,550000,Paid,Inactive,2025,4,October,43,Monday
PAY01956,7/25/2025,July,STU0382,Math,Advanced,John,Bank Transfer,650000,100000,550000,Unpaid,Active,2025,3,July,30,Friday
PAY01957,7/14/2025,July,STU0100,Speaking,Beginner,Sarah,Cash,500000,50000,450000,Unpaid,Active,2025,3,July,29,Monday
PAY01958,1/15/2025,January,STU0034,TOEFL,Advanced,John,Unknown,700000,25000,675000,Unpaid,Inactive,2025,1,January,3,Wednesday
PAY01959,10/10/2025,October,STU0292,English,Advanced,John,Cash,500000,25000,475000,Paid,Active,2025,4,October,41,Friday
PAY01960,2/17/2025,February,STU0491,English,Advanced,Linda,Bank Transfer,500000,50000,450000,Unpaid,Active,2025,1,February,8,Monday
PAY01961,3/8/2025,March,STU0258,Math,Advanced,Michael,Cash,700000,100000,600000,Paid,Active,2025,1,March,10,Saturday
PAY01962,9/2/2025,September,STU0238,Math,Advanced,Sarah,Cash,700000,25000,675000,Paid,Inactive,2025,3,September,36,Tuesday
PAY01963,12/15/2025,December,STU0374,Grammar,Intermediate,Michael,Bank Transfer,650000,-50000,700000,Unpaid,Active,2025,4,December,51,Monday
PAY01964,11/16/2025,November,STU0199,TOEFL,Beginner,Unknown,E-Wallet,500000,0,500000,Paid,Inactive,2025,4,November,46,Sunday
PAY01965,10/18/2025,October,STU0446,Speaking,Advanced,Sarah,Bank Transfer,500000,0,500000,Paid,Active,2025,4,October,42,Saturday
PAY01966,6/10/2025,June,STU0296,Grammar,Intermediate,Sarah,Cash,700000,25000,675000,Paid,Active,2025,2,June,24,Tuesday
PAY01967,5/13/2025,May,STU0072,Math,Advanced,John,Cash,700000,100000,600000,Unpaid,Active,2025,2,May,20,Tuesday
PAY01968,7/25/2025,July,STU0188,Grammar,Intermediate,Sarah,Cash,5000000,0,5000000,Unpaid,Active,2025,3,July,30,Friday
PAY01969,5/15/2025,May,STU0405,TOEFL,Advanced,Sarah,Cash,5000000,0,5000000,Paid,Active,2025,2,May,20,Thursday
PAY01970,5/29/2025,May,STU0038,TOEFL,Intermediate,John,Cash,650000,-50000,700000,Paid,Active,2025,2,May,22,Thursday
PAY01971,8/27/2025,August,STU0093,Math,Intermediate,John,Bank Transfer,5000000,100000,4900000,Unpaid,Active,2025,3,August,35,Wednesday
PAY01972,2/3/2025,February,STU0360,English,Beginner,David,Bank Transfer,700000,-50000,750000,Paid,Inactive,2025,1,February,6,Monday
PAY01973,8/29/2025,August,STU0308,English,Beginner,Emily,Unknown,650000,50000,600000,Unpaid,Active,2025,3,August,35,Friday
PAY01974,4/20/2025,April,STU0351,English,Intermediate,David,Cash,650000,0,650000,Paid,Active,2025,2,April,16,Sunday
PAY01975,3/14/2025,March,STU0448,English,Intermediate,Sarah,Bank Transfer,700000,100000,600000,Paid,Active,2025,1,March,11,Friday
PAY01976,4/5/2025,April,STU0386,Speaking,Beginner,Linda,Bank Transfer,500000,100000,400000,Unpaid,Active,2025,2,April,14,Saturday
PAY01977,9/1/2025,September,STU0293,English,Beginner,Sarah,Unknown,750000,50000,700000,Paid,Inactive,2025,3,September,36,Monday
PAY01978,2/9/2025,February,STU0481,Grammar,Beginner,Michael,Bank Transfer,700000,0,700000,Paid,Active,2025,1,February,6,Sunday
PAY01979,6/12/2025,June,STU0002,English,Beginner,John,Cash,750000,50000,700000,Paid,Active,2025,2,June,24,Thursday
PAY01980,1/19/2025,January,STU0397,IELTS,Advanced,John,Bank Transfer,650000,100000,550000,Unpaid,Inactive,2025,1,January,3,Sunday
PAY01981,4/8/2025,April,STU0460,Speaking,Advanced,Sarah,Cash,700000,50000,-650000,Unpaid,Active,2025,2,April,15,Tuesday
PAY01982,7/31/2025,July,STU0219,Grammar,Beginner,Michael,Bank Transfer,700000,50000,650000,Unpaid,Active,2025,3,July,31,Thursday
PAY01983,4/1/2025,April,STU0433,English,Advanced,David,Cash,5000000,100000,4900000,Paid,Active,2025,2,April,14,Tuesday
PAY01984,2/14/2025,February,STU0478,English,Beginner,John,Cash,500000,0,500000,Paid,Active,2025,1,February,7,Friday
PAY01985,11/21/2025,November,STU0342,Speaking,Intermediate,Linda,Bank Transfer,5000000,-50000,5050000,Unpaid,Active,2025,4,November,47,Friday
PAY01986,2/28/2025,February,STU0407,English,Intermediate,John,Cash,750000,0,750000,Unpaid,Inactive,2025,1,February,9,Friday
PAY01987,9/17/2025,September,STU0430,English,Advanced,Linda,Cash,700000,0,700000,Unpaid,Active,2025,3,September,38,Wednesday
PAY01988,1/8/2025,January,STU0266,Grammar,Intermediate,Michael,E-Wallet,650000,50000,600000,Unpaid,Inactive,2025,1,January,2,Wednesday
PAY01989,10/12/2025,October,STU0425,English,Advanced,John,Bank Transfer,650000,-50000,700000,Paid,Active,2025,4,October,41,Sunday
PAY01990,3/30/2025,March,STU0119,Math,Advanced,Michael,E-Wallet,700000,-50000,750000,Paid,Active,2025,1,March,13,Sunday
PAY01991,11/18/2025,November,STU0105,Math,Beginner,John,Bank Transfer,5000000,25000,4975000,Paid,Inactive,2025,4,November,47,Tuesday
PAY01992,1/15/2025,January,STU0376,IELTS,Intermediate,Emily,Bank Transfer,5000000,100000,4900000,Paid,Inactive,2025,1,January,3,Wednesday
PAY01993,6/2/2025,June,STU0414,English,Intermediate,John,Bank Transfer,5000000,25000,4975000,Paid,Inactive,2025,2,June,23,Monday
PAY01994,11/18/2025,November,STU0475,Math,Beginner,Michael,Bank Transfer,5000000,0,5000000,Unpaid,Inactive,2025,4,November,47,Tuesday
PAY01995,2/17/2025,February,STU0107,English,Beginner,John,Unknown,750000,50000,700000,Paid,Active,2025,1,February,8,Monday
PAY01996,2/7/2025,February,STU0193,Grammar,Advanced,John,Unknown,500000,25000,475000,Paid,Inactive,2025,1,February,6,Friday
PAY01997,6/2/2025,June,STU0311,English,Beginner,Emily,Bank Transfer,650000,0,650000,Unpaid,Active,2025,2,June,23,Monday
PAY01998,3/23/2025,March,STU0275,English,Advanced,Sarah,Unknown,500000,25000,475000,Paid,Inactive,2025,1,March,12,Sunday
PAY01999,7/6/2025,July,STU0113,Math,Advanced,Michael,Bank Transfer,650000,0,650000,Unpaid,Active,2025,3,July,27,Sunday
PAY02000,4/13/2025,April,STU0151,English,Advanced,John,Bank Transfer,700000,0,700000,Paid,Active,2025,2,April,15,Sunday
PAY02001,4/9/2025,April,STU0455,Speaking,Intermediate,Sarah,E-Wallet,650000,25000,625000,Paid,Active,2025,2,April,15,Wednesday
PAY02002,3/26/2025,March,STU0217,Speaking,Intermediate,Unknown,Cash,750000,100000,650000,Paid,Active,2025,1,March,13,Wednesday
PAY02003,8/8/2025,August,STU0324,Math,Intermediate,Michael,Cash,5000000,50000,4950000,Paid,Active,2025,3,August,32,Friday
PAY02004,10/28/2025,October,STU0331,Grammar,Intermediate,John,Cash,700000,-50000,750000,Paid,Active,2025,4,October,44,Tuesday
PAY02005,8/8/2025,August,STU0337,Grammar,Intermediate,Michael,Unknown,700000,25000,675000,Unpaid,Active,2025,3,August,32,Friday
PAY02006,1/5/2025,January,STU0239,Grammar,Beginner,Sarah,Cash,500000,0,500000,Unpaid,Active,2025,1,January,1,Sunday
PAY02007,11/5/2025,November,STU0143,Math,Advanced,John,Cash,5000000,25000,4975000,Unpaid,Active,2025,4,November,45,Wednesday
PAY02008,6/13/2025,June,STU0256,English,Intermediate,John,Cash,650000,0,650000,Paid,Active,2025,2,June,24,Friday
PAY02009,3/29/2025,March,STU0011,Speaking,Beginner,Unknown,Cash,5000000,100000,4900000,Unpaid,Active,2025,1,March,13,Saturday
PAY02010,3/9/2025,March,STU0021,Grammar,Advanced,John,Cash,500000,-50000,550000,Unpaid,Active,2025,1,March,10,Sunday
PAY02011,8/1/2025,August,STU0205,Math,Advanced,Emily,Bank Transfer,700000,50000,650000,Paid,Active,2025,3,August,31,Friday
PAY02012,7/21/2025,July,STU0496,Math,Intermediate,Unknown,Cash,750000,100000,650000,Paid,Inactive,2025,3,July,30,Monday
PAY02013,1/25/2025,January,STU0442,English,Beginner,Michael,Cash,650000,0,650000,Paid,Active,2025,1,January,4,Saturday
PAY02014,10/3/2025,October,STU0023,Math,Beginner,David,Cash,500000,50000,450000,Unpaid,Active,2025,4,October,40,Friday
PAY02015,12/19/2025,December,STU0071,English,Beginner,Michael,Bank Transfer,700000,0,700000,Paid,Active,2025,4,December,51,Friday
PAY02016,11/23/2025,November,STU0296,English,Advanced,John,Bank Transfer,500000,-50000,550000,Unpaid,Active,2025,4,November,47,Sunday
PAY02017,4/26/2025,April,STU0181,TOEFL,Advanced,Linda,Cash,700000,50000,650000,Paid,Active,2025,2,April,17,Saturday
PAY02018,9/11/2025,September,STU0240,English,Beginner,John,Cash,650000,0,650000,Unpaid,Inactive,2025,3,September,37,Thursday
PAY02019,10/30/2025,October,STU0079,Math,Beginner,Linda,Bank Transfer,700000,0,700000,Unpaid,Active,2025,4,October,44,Thursday
PAY02020,11/14/2025,November,STU0217,IELTS,Advanced,David,Unknown,750000,25000,725000,Paid,Active,2025,4,November,46,Friday
PAY02021,3/17/2025,March,STU0009,English,Beginner,David,Cash,500000,0,500000,Unpaid,Active,2025,1,March,12,Monday
PAY02022,6/30/2025,June,STU0221,TOEFL,Beginner,John,E-Wallet,500000,-50000,550000,Unpaid,Active,2025,2,June,27,Monday
PAY02023,1/28/2025,January,STU0333,English,Advanced,John,Bank Transfer,700000,50000,650000,Unpaid,Inactive,2025,1,January,5,Tuesday
PAY02024,7/26/2025,July,STU0253,English,Beginner,John,Cash,5000000,50000,4950000,Paid,Active,2025,3,July,30,Saturday
PAY02025,4/23/2025,April,STU0123,Math,Advanced,Sarah,Bank Transfer,500000,0,500000,Paid,Active,2025,2,April,17,Wednesday
PAY02026,7/20/2025,July,STU0451,Speaking,Intermediate,Linda,Bank Transfer,500000,25000,475000,Paid,Active,2025,3,July,29,Sunday
PAY02027,11/23/2025,November,STU0049,IELTS,Advanced,Unknown,Bank Transfer,5000000,50000,4950000,Paid,Active,2025,4,November,47,Sunday
PAY02028,12/19/2025,December,STU0086,IELTS,Intermediate,John,Bank Transfer,650000,50000,600000,Paid,Active,2025,4,December,51,Friday
PAY02029,8/8/2025,August,STU0452,Math,Beginner,John,E-Wallet,500000,25000,475000,Unpaid,Active,2025,3,August,32,Friday
PAY02030,10/26/2025,October,STU0024,English,Advanced,David,Unknown,750000,25000,725000,Paid,Inactive,2025,4,October,43,Sunday
PAY02031,3/17/2025,March,STU0172,English,Intermediate,Emily,E-Wallet,500000,50000,450000,Unpaid,Active,2025,1,March,12,Monday
PAY02032,5/10/2025,May,STU0155,Grammar,Advanced,Unknown,Bank Transfer,750000,0,750000,Paid,Active,2025,2,May,19,Saturday
PAY02033,12/18/2025,December,STU0338,IELTS,Intermediate,John,Cash,650000,100000,550000,Paid,Active,2025,4,December,51,Thursday
PAY02034,7/4/2025,July,STU0194,Math,Intermediate,Sarah,Bank Transfer,500000,25000,475000,Paid,Inactive,2025,3,July,27,Friday
PAY02035,5/16/2025,May,STU0484,Speaking,Intermediate,Linda,Cash,700000,100000,600000,Paid,Active,2025,2,May,20,Friday
PAY02036,11/10/2025,November,STU0406,Grammar,Intermediate,Sarah,Cash,750000,100000,650000,Unpaid,Inactive,2025,4,November,46,Monday
PAY02037,8/27/2025,August,STU0341,IELTS,Intermediate,John,Bank Transfer,5000000,50000,4950000,Paid,Active,2025,3,August,35,Wednesday
PAY02038,1/8/2025,January,STU0304,Math,Beginner,John,Bank Transfer,500000,25000,475000,Paid,Active,2025,1,January,2,Wednesday
PAY02039,6/30/2025,June,STU0450,Speaking,Advanced,Sarah,Bank Transfer,500000,50000,450000,Paid,Active,2025,2,June,27,Monday
PAY02040,3/15/2025,March,STU0149,TOEFL,Beginner,John,Bank Transfer,750000,-50000,800000,Paid,Active,2025,1,March,11,Saturday
PAY02041,8/5/2025,August,STU0306,Speaking,Beginner,Unknown,Bank Transfer,500000,50000,450000,Paid,Active,2025,3,August,32,Tuesday
PAY02042,10/24/2025,October,STU0284,TOEFL,Intermediate,David,Cash,650000,50000,600000,Unpaid,Active,2025,4,October,43,Friday
PAY02043,10/7/2025,October,STU0270,English,Advanced,Emily,E-Wallet,750000,100000,650000,Paid,Active,2025,4,October,41,Tuesday
PAY02044,8/28/2025,August,STU0211,English,Beginner,Sarah,Cash,750000,100000,650000,Unpaid,Active,2025,3,August,35,Thursday
PAY02045,3/13/2025,March,STU0066,Speaking,Beginner,John,Bank Transfer,650000,-50000,700000,Unpaid,Active,2025,1,March,11,Thursday
PAY02046,8/25/2025,August,STU0425,Math,Intermediate,Unknown,Cash,500000,0,500000,Unpaid,Active,2025,3,August,35,Monday
PAY02047,12/20/2025,December,STU0346,English,Advanced,Linda,E-Wallet,500000,0,500000,Paid,Active,2025,4,December,51,Saturday
PAY02048,3/11/2025,March,STU0369,English,Intermediate,Unknown,Cash,650000,50000,600000,Paid,Active,2025,1,March,11,Tuesday
PAY02049,2/4/2025,February,STU0267,Math,Beginner,Linda,Cash,650000,-50000,700000,Unpaid,Active,2025,1,February,6,Tuesday
PAY02050,9/16/2025,September,STU0154,English,Intermediate,Michael,Unknown,750000,0,750000,Paid,Active,2025,3,September,38,Tuesday
PAY02051,11/10/2025,November,STU0326,English,Beginner,Michael,Unknown,5000000,0,5000000,Paid,Inactive,2025,4,November,46,Monday
PAY02052,3/29/2025,March,STU0342,Math,Advanced,John,Bank Transfer,750000,100000,650000,Paid,Active,2025,1,March,13,Saturday
PAY02053,7/20/2025,July,STU0218,IELTS,Beginner,David,Bank Transfer,500000,100000,400000,Paid,Active,2025,3,July,29,Sunday
PAY02054,1/6/2025,January,STU0337,English,Beginner,Emily,Bank Transfer,500000,0,500000,Unpaid,Active,2025,1,January,2,Monday
PAY02055,5/22/2025,May,STU0441,TOEFL,Intermediate,Sarah,Bank Transfer,650000,50000,600000,Paid,Active,2025,2,May,21,Thursday
PAY02056,3/31/2025,March,STU0174,English,Advanced,Michael,Bank Transfer,700000,0,700000,Paid,Active,2025,1,March,14,Monday
PAY02057,7/21/2025,July,STU0311,IELTS,Advanced,Sarah,Unknown,750000,100000,650000,Paid,Active,2025,3,July,30,Monday
PAY02058,3/8/2025,March,STU0317,English,Beginner,John,Cash,5000000,-50000,5050000,Paid,Inactive,2025,1,March,10,Saturday
PAY02059,4/29/2025,April,STU0244,Grammar,Beginner,Linda,Cash,500000,100000,400000,Paid,Active,2025,2,April,18,Tuesday
PAY02060,8/4/2025,August,STU0020,Math,Intermediate,Emily,E-Wallet,500000,-50000,550000,Paid,Active,2025,3,August,32,Monday
PAY02061,3/31/2025,March,STU0069,TOEFL,Beginner,David,Bank Transfer,500000,0,500000,Unpaid,Active,2025,1,March,14,Monday
PAY02062,4/26/2025,April,STU0415,TOEFL,Beginner,Unknown,Cash,650000,100000,550000,Paid,Active,2025,2,April,17,Saturday
PAY02063,4/15/2025,April,STU0209,Math,Intermediate,Michael,Cash,650000,0,650000,Paid,Active,2025,2,April,16,Tuesday
PAY02064,4/8/2025,April,STU0183,IELTS,Beginner,John,Bank Transfer,5000000,100000,4900000,Paid,Active,2025,2,April,15,Tuesday
PAY02065,2/6/2025,February,STU0061,English,Beginner,John,E-Wallet,650000,-50000,700000,Paid,Active,2025,1,February,6,Thursday
PAY02066,1/12/2025,January,STU0184,Math,Beginner,David,Cash,700000,50000,650000,Paid,Inactive,2025,1,January,2,Sunday
PAY02067,9/23/2025,September,STU0358,Math,Advanced,John,Bank Transfer,750000,-50000,800000,Paid,Active,2025,3,September,39,Tuesday
PAY02068,1/17/2025,January,STU0455,English,Beginner,Linda,E-Wallet,750000,50000,700000,Paid,Active,2025,1,January,3,Friday
PAY02069,12/6/2025,December,STU0486,English,Intermediate,Sarah,Bank Transfer,650000,100000,550000,Paid,Active,2025,4,December,49,Saturday
PAY02070,10/10/2025,October,STU0054,English,Intermediate,Sarah,Bank Transfer,650000,50000,600000,Paid,Active,2025,4,October,41,Friday
PAY02071,8/9/2025,August,STU0029,English,Beginner,Sarah,E-Wallet,700000,25000,675000,Unpaid,Active,2025,3,August,32,Saturday
PAY02072,10/10/2025,October,STU0357,IELTS,Intermediate,John,E-Wallet,500000,100000,400000,Paid,Active,2025,4,October,41,Friday
PAY02073,8/13/2025,August,STU0176,English,Beginner,Linda,Bank Transfer,5000000,50000,4950000,Paid,Active,2025,3,August,33,Wednesday
PAY02074,4/27/2025,April,STU0411,English,Advanced,Linda,Unknown,5000000,-50000,5050000,Paid,Active,2025,2,April,17,Sunday
PAY02075,1/30/2025,January,STU0161,Grammar,Advanced,Linda,Bank Transfer,750000,25000,725000,Paid,Active,2025,1,January,5,Thursday
PAY02076,9/3/2025,September,STU0279,TOEFL,Intermediate,Emily,Unknown,500000,0,500000,Paid,Active,2025,3,September,36,Wednesday
PAY02077,6/4/2025,June,STU0126,Speaking,Intermediate,Sarah,E-Wallet,5000000,50000,4950000,Paid,Active,2025,2,June,23,Wednesday
PAY02078,6/27/2025,June,STU0105,IELTS,Advanced,Linda,Bank Transfer,5000000,100000,4900000,Paid,Inactive,2025,2,June,26,Friday
PAY02079,3/4/2025,March,STU0358,English,Advanced,John,Cash,650000,0,650000,Paid,Active,2025,1,March,10,Tuesday
PAY02080,1/18/2025,January,STU0424,Math,Beginner,David,Unknown,700000,-50000,750000,Paid,Active,2025,1,January,3,Saturday
PAY02081,9/11/2025,September,STU0115,TOEFL,Intermediate,Michael,Cash,750000,100000,650000,Unpaid,Active,2025,3,September,37,Thursday
PAY02082,12/5/2025,December,STU0480,English,Advanced,Emily,Unknown,500000,-50000,550000,Unpaid,Inactive,2025,4,December,49,Friday
PAY02083,1/15/2025,January,STU0401,English,Beginner,Sarah,Bank Transfer,5000000,100000,4900000,Paid,Active,2025,1,January,3,Wednesday
PAY02084,10/1/2025,October,STU0394,Speaking,Beginner,John,Bank Transfer,750000,-50000,800000,Paid,Inactive,2025,4,October,40,Wednesday
PAY02085,3/9/2025,March,STU0044,TOEFL,Advanced,David,Bank Transfer,700000,0,700000,Paid,Active,2025,1,March,10,Sunday
PAY02086,1/20/2025,January,STU0401,English,Beginner,David,E-Wallet,700000,50000,650000,Paid,Active,2025,1,January,4,Monday
PAY02087,5/16/2025,May,STU0005,English,Beginner,Emily,Bank Transfer,750000,100000,-650000,Paid,Inactive,2025,2,May,20,Friday
PAY02088,7/29/2025,July,STU0313,Grammar,Beginner,John,Bank Transfer,5000000,0,5000000,Unpaid,Active,2025,3,July,31,Tuesday
PAY02089,5/13/2025,May,STU0076,English,Beginner,Sarah,Cash,650000,25000,625000,Paid,Inactive,2025,2,May,20,Tuesday
PAY02090,12/17/2025,December,STU0368,TOEFL,Beginner,David,Bank Transfer,5000000,50000,4950000,Paid,Active,2025,4,December,51,Wednesday
PAY02091,10/4/2025,October,STU0040,English,Beginner,Sarah,Cash,5000000,25000,4975000,Paid,Inactive,2025,4,October,40,Saturday
PAY02092,6/16/2025,June,STU0449,Speaking,Beginner,John,Bank Transfer,750000,0,750000,Paid,Active,2025,2,June,25,Monday
PAY02093,6/21/2025,June,STU0151,English,Beginner,Emily,Cash,700000,100000,600000,Unpaid,Inactive,2025,2,June,25,Saturday
PAY02094,10/30/2025,October,STU0161,Grammar,Beginner,John,Unknown,500000,-50000,550000,Paid,Active,2025,4,October,44,Thursday
PAY02095,12/3/2025,December,STU0040,TOEFL,Advanced,Sarah,E-Wallet,750000,0,750000,Paid,Active,2025,4,December,49,Wednesday
PAY02096,10/3/2025,October,STU0338,English,Intermediate,David,Bank Transfer,5000000,0,5000000,Paid,Active,2025,4,October,40,Friday
PAY02097,5/5/2025,May,STU0162,Math,Advanced,Linda,Bank Transfer,650000,50000,600000,Paid,Active,2025,2,May,19,Monday
PAY02098,7/5/2025,July,STU0469,Grammar,Advanced,John,E-Wallet,700000,-50000,750000,Paid,Active,2025,3,July,27,Saturday
PAY02099,8/3/2025,August,STU0126,English,Advanced,Unknown,Cash,5000000,25000,4975000,Paid,Active,2025,3,August,31,Sunday
PAY02100,5/27/2025,May,STU0216,IELTS,Advanced,John,Cash,700000,0,700000,Paid,Inactive,2025,2,May,22,Tuesday
PAY02101,8/21/2025,August,STU0392,English,Advanced,Sarah,Bank Transfer,650000,0,650000,Paid,Active,2025,3,August,34,Thursday
PAY02102,1/13/2025,January,STU0272,English,Intermediate,Emily,Bank Transfer,500000,25000,475000,Unpaid,Inactive,2025,1,January,3,Monday
PAY02103,12/31/2025,December,STU0460,Grammar,Advanced,Unknown,E-Wallet,500000,50000,450000,Paid,Active,2025,4,December,1,Wednesday
PAY02104,2/7/2025,February,STU0380,English,Intermediate,John,Cash,750000,100000,650000,Paid,Inactive,2025,1,February,6,Friday
PAY02105,10/29/2025,October,STU0190,English,Intermediate,Emily,Bank Transfer,650000,0,650000,Paid,Active,2025,4,October,44,Wednesday
PAY02106,2/19/2025,February,STU0289,English,Intermediate,Emily,Bank Transfer,700000,100000,600000,Unpaid,Inactive,2025,1,February,8,Wednesday
PAY02107,3/15/2025,March,STU0295,Grammar,Beginner,Emily,Bank Transfer,650000,100000,550000,Paid,Active,2025,1,March,11,Saturday
PAY02108,5/28/2025,May,STU0087,Speaking,Intermediate,Unknown,Unknown,750000,100000,650000,Paid,Inactive,2025,2,May,22,Wednesday
PAY02109,12/8/2025,December,STU0430,IELTS,Beginner,Unknown,Cash,650000,0,650000,Paid,Inactive,2025,4,December,50,Monday
PAY02110,1/4/2025,January,STU0483,English,Advanced,John,E-Wallet,500000,50000,450000,Paid,Active,2025,1,January,1,Saturday
PAY02111,6/1/2025,June,STU0253,Speaking,Beginner,Michael,Bank Transfer,500000,100000,400000,Paid,Active,2025,2,June,22,Sunday
PAY02112,7/1/2025,July,STU0081,Grammar,Intermediate,John,Cash,650000,0,650000,Paid,Active,2025,3,July,27,Tuesday
PAY02113,12/28/2025,December,STU0362,Grammar,Beginner,Sarah,Cash,500000,100000,400000,Paid,Active,2025,4,December,52,Sunday
PAY02114,11/21/2025,November,STU0447,TOEFL,Advanced,Linda,Bank Transfer,650000,25000,625000,Unpaid,Inactive,2025,4,November,47,Friday
PAY02115,9/6/2025,September,STU0326,Math,Advanced,Linda,Cash,750000,50000,700000,Unpaid,Active,2025,3,September,36,Saturday
PAY02116,9/9/2025,September,STU0135,English,Advanced,Unknown,Bank Transfer,650000,0,650000,Paid,Active,2025,3,September,37,Tuesday
PAY02117,9/5/2025,September,STU0343,English,Intermediate,John,E-Wallet,700000,25000,675000,Unpaid,Active,2025,3,September,36,Friday
PAY02118,6/1/2025,June,STU0460,Speaking,Intermediate,John,Bank Transfer,650000,0,650000,Paid,Active,2025,2,June,22,Sunday
PAY02119,3/1/2025,March,STU0178,English,Advanced,Michael,Unknown,750000,50000,700000,Unpaid,Active,2025,1,March,9,Saturday
PAY02120,11/4/2025,November,STU0260,TOEFL,Intermediate,John,E-Wallet,650000,0,650000,Unpaid,Active,2025,4,November,45,Tuesday
PAY02121,12/12/2025,December,STU0218,English,Intermediate,John,Bank Transfer,750000,100000,650000,Unpaid,Inactive,2025,4,December,50,Friday
PAY02122,6/23/2025,June,STU0294,IELTS,Advanced,Linda,Unknown,700000,100000,600000,Paid,Active,2025,2,June,26,Monday
PAY02123,11/11/2025,November,STU0487,English,Intermediate,Sarah,Unknown,650000,-50000,700000,Paid,Active,2025,4,November,46,Tuesday
PAY02124,6/30/2025,June,STU0275,TOEFL,Beginner,Sarah,Bank Transfer,500000,-50000,550000,Paid,Inactive,2025,2,June,27,Monday
PAY02125,5/29/2025,May,STU0284,TOEFL,Beginner,John,Unknown,700000,50000,650000,Paid,Active,2025,2,May,22,Thursday
PAY02126,9/14/2025,September,STU0155,English,Beginner,Linda,Cash,750000,0,750000,Unpaid,Active,2025,3,September,37,Sunday
PAY02127,7/13/2025,July,STU0442,Math,Beginner,Sarah,E-Wallet,650000,0,650000,Paid,Active,2025,3,July,28,Sunday
PAY02128,1/11/2025,January,STU0049,English,Beginner,Unknown,Unknown,5000000,-50000,5050000,Unpaid,Active,2025,1,January,2,Saturday
PAY02129,8/6/2025,August,STU0052,Speaking,Advanced,Unknown,Bank Transfer,700000,50000,650000,Unpaid,Active,2025,3,August,32,Wednesday
PAY02130,8/8/2025,August,STU0248,Speaking,Advanced,Sarah,E-Wallet,650000,100000,550000,Paid,Active,2025,3,August,32,Friday
PAY02131,1/9/2025,January,STU0366,Math,Intermediate,Linda,E-Wallet,750000,50000,700000,Paid,Active,2025,1,January,2,Thursday
PAY02132,4/29/2025,April,STU0330,Speaking,Intermediate,Michael,Unknown,700000,100000,600000,Paid,Active,2025,2,April,18,Tuesday
PAY02133,2/18/2025,February,STU0043,IELTS,Intermediate,Unknown,Unknown,650000,100000,550000,Unpaid,Inactive,2025,1,February,8,Tuesday
PAY02134,1/31/2025,January,STU0173,IELTS,Beginner,Emily,Cash,700000,100000,600000,Paid,Active,2025,1,January,5,Friday
PAY02135,1/3/2025,January,STU0280,English,Intermediate,Linda,Bank Transfer,650000,-50000,700000,Unpaid,Active,2025,1,January,1,Friday
PAY02136,9/21/2025,September,STU0193,IELTS,Beginner,Michael,E-Wallet,500000,100000,400000,Paid,Active,2025,3,September,38,Sunday
PAY02137,3/27/2025,March,STU0218,English,Beginner,Sarah,Bank Transfer,750000,0,750000,Paid,Active,2025,1,March,13,Thursday
PAY02138,7/24/2025,July,STU0151,Speaking,Advanced,Emily,E-Wallet,700000,0,700000,Unpaid,Inactive,2025,3,July,30,Thursday
PAY02139,3/14/2025,March,STU0315,Grammar,Advanced,Unknown,Bank Transfer,5000000,0,5000000,Unpaid,Active,2025,1,March,11,Friday
PAY02140,4/18/2025,April,STU0425,English,Beginner,Emily,Bank Transfer,650000,25000,625000,Paid,Inactive,2025,2,April,16,Friday
PAY02141,8/29/2025,August,STU0103,Math,Advanced,John,Bank Transfer,500000,50000,450000,Paid,Active,2025,3,August,35,Friday
PAY02142,11/16/2025,November,STU0326,TOEFL,Intermediate,John,Bank Transfer,5000000,25000,4975000,Unpaid,Active,2025,4,November,46,Sunday
PAY02143,8/7/2025,August,STU0479,Speaking,Advanced,Sarah,Cash,700000,-50000,750000,Paid,Inactive,2025,3,August,32,Thursday
PAY02144,2/9/2025,February,STU0092,Speaking,Advanced,Sarah,Bank Transfer,500000,0,500000,Paid,Active,2025,1,February,6,Sunday
PAY02145,6/19/2025,June,STU0108,IELTS,Beginner,Linda,Bank Transfer,5000000,0,5000000,Paid,Inactive,2025,2,June,25,Thursday
PAY02146,3/15/2025,March,STU0459,English,Beginner,Sarah,Unknown,750000,0,750000,Unpaid,Active,2025,1,March,11,Saturday
PAY02147,12/7/2025,December,STU0061,TOEFL,Advanced,John,Bank Transfer,700000,50000,650000,Unpaid,Active,2025,4,December,49,Sunday
PAY02148,7/1/2025,July,STU0453,TOEFL,Beginner,David,Cash,5000000,50000,4950000,Paid,Active,2025,3,July,27,Tuesday
PAY02149,10/14/2025,October,STU0351,Math,Advanced,John,Cash,750000,0,750000,Unpaid,Inactive,2025,4,October,42,Tuesday
PAY02150,1/13/2025,January,STU0218,TOEFL,Advanced,Sarah,Bank Transfer,750000,0,750000,Unpaid,Active,2025,1,January,3,Monday
PAY02151,4/2/2025,April,STU0100,English,Advanced,David,Bank Transfer,650000,100000,550000,Paid,Active,2025,2,April,14,Wednesday
PAY02152,5/10/2025,May,STU0141,English,Intermediate,John,Cash,5000000,50000,4950000,Paid,Active,2025,2,May,19,Saturday
PAY02153,5/21/2025,May,STU0475,English,Advanced,John,Bank Transfer,5000000,0,5000000,Paid,Active,2025,2,May,21,Wednesday
PAY02154,11/28/2025,November,STU0458,IELTS,Advanced,Michael,Unknown,500000,50000,450000,Paid,Active,2025,4,November,48,Friday
PAY02155,8/3/2025,August,STU0032,Grammar,Beginner,Sarah,Bank Transfer,500000,100000,400000,Paid,Active,2025,3,August,31,Sunday
PAY02156,6/20/2025,June,STU0188,English,Advanced,John,Bank Transfer,650000,-50000,700000,Paid,Active,2025,2,June,25,Friday
PAY02157,2/3/2025,February,STU0043,IELTS,Intermediate,John,Bank Transfer,5000000,25000,4975000,Paid,Inactive,2025,1,February,6,Monday
PAY02158,12/19/2025,December,STU0429,English,Intermediate,David,E-Wallet,650000,0,650000,Unpaid,Active,2025,4,December,51,Friday
PAY02159,6/24/2025,June,STU0477,English,Beginner,Sarah,Cash,5000000,0,5000000,Paid,Active,2025,2,June,26,Tuesday
PAY02160,4/6/2025,April,STU0393,IELTS,Beginner,Linda,Cash,5000000,0,5000000,Unpaid,Active,2025,2,April,14,Sunday
PAY02161,2/11/2025,February,STU0462,TOEFL,Advanced,Michael,Bank Transfer,700000,0,700000,Paid,Active,2025,1,February,7,Tuesday
PAY02162,12/28/2025,December,STU0162,English,Beginner,Linda,Bank Transfer,650000,50000,600000,Paid,Inactive,2025,4,December,52,Sunday
PAY02163,6/1/2025,June,STU0182,Grammar,Intermediate,Sarah,Bank Transfer,750000,50000,700000,Paid,Inactive,2025,2,June,22,Sunday
PAY02164,1/19/2025,January,STU0360,English,Intermediate,David,Bank Transfer,650000,-50000,700000,Unpaid,Active,2025,1,January,3,Sunday
PAY02165,2/16/2025,February,STU0017,Math,Advanced,Michael,Bank Transfer,700000,25000,675000,Paid,Active,2025,1,February,7,Sunday
PAY02166,10/28/2025,October,STU0302,English,Intermediate,Sarah,Cash,700000,-50000,750000,Unpaid,Active,2025,4,October,44,Tuesday
PAY02167,3/23/2025,March,STU0463,Math,Beginner,Emily,Bank Transfer,750000,50000,700000,Paid,Active,2025,1,March,12,Sunday
PAY02168,10/7/2025,October,STU0234,English,Advanced,John,Bank Transfer,500000,100000,400000,Paid,Active,2025,4,October,41,Tuesday
PAY02169,7/11/2025,July,STU0021,TOEFL,Advanced,Sarah,Bank Transfer,750000,0,750000,Unpaid,Active,2025,3,July,28,Friday
PAY02170,10/23/2025,October,STU0086,Speaking,Advanced,Sarah,Bank Transfer,5000000,0,5000000,Paid,Inactive,2025,4,October,43,Thursday
PAY02171,3/8/2025,March,STU0393,IELTS,Intermediate,John,Bank Transfer,500000,0,500000,Paid,Active,2025,1,March,10,Saturday
PAY02172,1/1/2025,January,STU0042,IELTS,Beginner,Linda,Bank Transfer,650000,25000,625000,Paid,Inactive,2025,1,January,1,Wednesday
PAY02173,3/20/2025,March,STU0052,English,Advanced,John,Cash,500000,100000,400000,Paid,Active,2025,1,March,12,Thursday
PAY02174,12/9/2025,December,STU0470,Math,Intermediate,Michael,Bank Transfer,750000,0,750000,Paid,Active,2025,4,December,50,Tuesday
PAY02175,6/17/2025,June,STU0037,Grammar,Intermediate,Unknown,Cash,750000,-50000,800000,Paid,Inactive,2025,2,June,25,Tuesday
PAY02176,5/1/2025,May,STU0001,English,Beginner,Linda,Bank Transfer,700000,50000,650000,Unpaid,Inactive,2025,2,May,18,Thursday
PAY02177,1/23/2025,January,STU0197,IELTS,Intermediate,Michael,Bank Transfer,700000,100000,600000,Unpaid,Active,2025,1,January,4,Thursday
PAY02178,12/12/2025,December,STU0216,IELTS,Beginner,John,Cash,500000,50000,450000,Paid,Active,2025,4,December,50,Friday
PAY02179,8/27/2025,August,STU0336,English,Beginner,Michael,Bank Transfer,700000,0,700000,Paid,Active,2025,3,August,35,Wednesday
PAY02180,12/18/2025,December,STU0344,English,Intermediate,John,Bank Transfer,500000,100000,400000,Unpaid,Active,2025,4,December,51,Thursday
PAY02181,11/21/2025,November,STU0400,English,Advanced,Emily,Unknown,5000000,100000,4900000,Paid,Active,2025,4,November,47,Friday
PAY02182,2/27/2025,February,STU0446,Math,Beginner,John,Bank Transfer,750000,-50000,800000,Paid,Active,2025,1,February,9,Thursday
PAY02183,4/12/2025,April,STU0021,Math,Intermediate,John,Bank Transfer,750000,0,750000,Paid,Active,2025,2,April,15,Saturday
PAY02184,5/10/2025,May,STU0420,English,Advanced,David,Bank Transfer,700000,0,700000,Unpaid,Active,2025,2,May,19,Saturday
PAY02185,8/2/2025,August,STU0019,Math,Intermediate,John,E-Wallet,750000,50000,700000,Paid,Active,2025,3,August,31,Saturday
PAY02186,5/8/2025,May,STU0373,IELTS,Advanced,John,Bank Transfer,500000,-50000,550000,Unpaid,Active,2025,2,May,19,Thursday
PAY02187,8/23/2025,August,STU0040,Grammar,Intermediate,John,Bank Transfer,5000000,-50000,5050000,Paid,Active,2025,3,August,34,Saturday
PAY02188,7/15/2025,July,STU0217,English,Beginner,Michael,Cash,700000,0,700000,Unpaid,Active,2025,3,July,29,Tuesday
PAY02189,8/10/2025,August,STU0156,TOEFL,Advanced,John,Bank Transfer,650000,-50000,700000,Paid,Active,2025,3,August,32,Sunday
PAY02190,4/21/2025,April,STU0096,Speaking,Advanced,John,E-Wallet,700000,0,700000,Unpaid,Inactive,2025,2,April,17,Monday
PAY02191,12/14/2025,December,STU0010,English,Advanced,Michael,Bank Transfer,700000,0,700000,Unpaid,Active,2025,4,December,50,Sunday
PAY02192,11/3/2025,November,STU0364,Grammar,Beginner,Sarah,E-Wallet,500000,25000,475000,Unpaid,Active,2025,4,November,45,Monday
PAY02193,10/29/2025,October,STU0244,English,Intermediate,Emily,Bank Transfer,5000000,50000,4950000,Unpaid,Active,2025,4,October,44,Wednesday
PAY02194,3/19/2025,March,STU0088,English,Intermediate,John,Cash,750000,25000,725000,Paid,Active,2025,1,March,12,Wednesday
PAY02195,11/20/2025,November,STU0383,Grammar,Intermediate,David,Unknown,5000000,50000,4950000,Unpaid,Active,2025,4,November,47,Thursday
PAY02196,12/12/2025,December,STU0086,Grammar,Advanced,John,Bank Transfer,500000,25000,475000,Paid,Active,2025,4,December,50,Friday
PAY02197,10/12/2025,October,STU0068,English,Advanced,Sarah,Cash,650000,100000,550000,Unpaid,Inactive,2025,4,October,41,Sunday
PAY02198,4/19/2025,April,STU0082,English,Advanced,John,Bank Transfer,5000000,50000,4950000,Paid,Active,2025,2,April,16,Saturday
PAY02199,11/3/2025,November,STU0341,Grammar,Advanced,Sarah,E-Wallet,700000,50000,650000,Unpaid,Inactive,2025,4,November,45,Monday
PAY02200,7/26/2025,July,STU0231,IELTS,Beginner,John,Bank Transfer,750000,50000,700000,Paid,Active,2025,3,July,30,Saturday
PAY02201,8/26/2025,August,STU0215,English,Intermediate,Linda,Cash,500000,100000,400000,Paid,Inactive,2025,3,August,35,Tuesday
PAY02202,3/12/2025,March,STU0485,English,Intermediate,Unknown,Bank Transfer,5000000,-50000,5050000,Paid,Active,2025,1,March,11,Wednesday
PAY02203,12/17/2025,December,STU0453,English,Advanced,Sarah,Unknown,700000,0,700000,Paid,Inactive,2025,4,December,51,Wednesday
PAY02204,8/23/2025,August,STU0365,TOEFL,Intermediate,Michael,Bank Transfer,650000,25000,625000,Paid,Active,2025,3,August,34,Saturday
PAY02205,4/16/2025,April,STU0228,TOEFL,Beginner,John,E-Wallet,750000,25000,725000,Paid,Active,2025,2,April,16,Wednesday
PAY02206,11/6/2025,November,STU0493,Math,Beginner,John,Cash,650000,25000,625000,Paid,Active,2025,4,November,45,Thursday
PAY02207,9/24/2025,September,STU0491,Speaking,Advanced,Sarah,Cash,750000,0,750000,Paid,Active,2025,3,September,39,Wednesday
PAY02208,8/13/2025,August,STU0425,English,Intermediate,John,Cash,500000,50000,450000,Paid,Active,2025,3,August,33,Wednesday
PAY02209,8/8/2025,August,STU0389,Math,Advanced,Michael,Bank Transfer,500000,25000,475000,Unpaid,Active,2025,3,August,32,Friday
PAY02210,3/14/2025,March,STU0169,Math,Intermediate,John,Unknown,750000,25000,725000,Paid,Active,2025,1,March,11,Friday
PAY02211,6/25/2025,June,STU0359,Speaking,Advanced,David,E-Wallet,750000,50000,700000,Paid,Inactive,2025,2,June,26,Wednesday
PAY02212,3/17/2025,March,STU0289,Grammar,Advanced,David,Bank Transfer,500000,25000,475000,Paid,Inactive,2025,1,March,12,Monday
PAY02213,10/18/2025,October,STU0151,IELTS,Advanced,Michael,Bank Transfer,750000,0,750000,Paid,Active,2025,4,October,42,Saturday
PAY02214,7/16/2025,July,STU0299,Speaking,Beginner,Unknown,Cash,650000,0,650000,Unpaid,Active,2025,3,July,29,Wednesday
PAY02215,9/18/2025,September,STU0498,Grammar,Advanced,Michael,E-Wallet,750000,-50000,800000,Paid,Active,2025,3,September,38,Thursday
PAY02216,9/25/2025,September,STU0446,English,Beginner,John,Bank Transfer,750000,100000,650000,Paid,Active,2025,3,September,39,Thursday
PAY02217,6/25/2025,June,STU0143,Math,Advanced,Linda,Bank Transfer,700000,25000,675000,Unpaid,Active,2025,2,June,26,Wednesday
PAY02218,10/19/2025,October,STU0187,English,Intermediate,Sarah,Bank Transfer,5000000,25000,4975000,Paid,Active,2025,4,October,42,Sunday
PAY02219,5/19/2025,May,STU0127,TOEFL,Intermediate,Michael,Cash,500000,100000,400000,Paid,Inactive,2025,2,May,21,Monday
PAY02220,4/27/2025,April,STU0137,Speaking,Beginner,Linda,Cash,650000,0,650000,Paid,Inactive,2025,2,April,17,Sunday
PAY02221,9/25/2025,September,STU0300,English,Intermediate,Sarah,E-Wallet,500000,25000,475000,Paid,Active,2025,3,September,39,Thursday
PAY02222,11/21/2025,November,STU0043,English,Beginner,Sarah,E-Wallet,650000,100000,550000,Paid,Inactive,2025,4,November,47,Friday
PAY02223,11/3/2025,November,STU0221,Math,Advanced,John,Unknown,700000,-50000,-750000,Paid,Inactive,2025,4,November,45,Monday
PAY02224,10/29/2025,October,STU0308,Speaking,Intermediate,Michael,Bank Transfer,500000,50000,450000,Paid,Active,2025,4,October,44,Wednesday
PAY02225,9/21/2025,September,STU0128,Grammar,Intermediate,Sarah,E-Wallet,700000,50000,650000,Unpaid,Active,2025,3,September,38,Sunday
PAY02226,2/27/2025,February,STU0499,English,Intermediate,Michael,Bank Transfer,750000,0,750000,Paid,Active,2025,1,February,9,Thursday
PAY02227,12/11/2025,December,STU0352,IELTS,Beginner,Sarah,Unknown,500000,100000,400000,Paid,Inactive,2025,4,December,50,Thursday
PAY02228,6/7/2025,June,STU0351,Speaking,Advanced,Linda,E-Wallet,700000,-50000,750000,Paid,Inactive,2025,2,June,23,Saturday
PAY02229,6/15/2025,June,STU0437,IELTS,Advanced,Michael,Bank Transfer,650000,100000,550000,Paid,Active,2025,2,June,24,Sunday
PAY02230,12/1/2025,December,STU0242,Speaking,Intermediate,Michael,Bank Transfer,700000,25000,675000,Unpaid,Active,2025,4,December,49,Monday
PAY02231,6/11/2025,June,STU0391,English,Beginner,John,Cash,700000,100000,600000,Unpaid,Active,2025,2,June,24,Wednesday
PAY02232,11/27/2025,November,STU0361,TOEFL,Beginner,David,Bank Transfer,750000,50000,-700000,Unpaid,Active,2025,4,November,48,Thursday
PAY02233,6/14/2025,June,STU0379,TOEFL,Beginner,Unknown,E-Wallet,750000,50000,700000,Unpaid,Active,2025,2,June,24,Saturday
PAY02234,2/24/2025,February,STU0246,English,Beginner,John,Cash,650000,25000,625000,Paid,Active,2025,1,February,9,Monday
PAY02235,5/8/2025,May,STU0052,English,Advanced,Emily,Bank Transfer,5000000,-50000,5050000,Paid,Active,2025,2,May,19,Thursday
PAY02236,8/13/2025,August,STU0384,Math,Intermediate,John,Unknown,500000,100000,400000,Paid,Inactive,2025,3,August,33,Wednesday
PAY02237,10/29/2025,October,STU0225,TOEFL,Intermediate,Unknown,E-Wallet,5000000,25000,4975000,Paid,Active,2025,4,October,44,Wednesday
PAY02238,10/13/2025,October,STU0035,Grammar,Intermediate,John,Cash,500000,25000,475000,Paid,Inactive,2025,4,October,42,Monday
PAY02239,6/14/2025,June,STU0102,Speaking,Intermediate,Unknown,Cash,650000,100000,550000,Paid,Inactive,2025,2,June,24,Saturday
PAY02240,3/3/2025,March,STU0409,English,Advanced,John,E-Wallet,750000,100000,650000,Unpaid,Active,2025,1,March,10,Monday
PAY02241,10/17/2025,October,STU0168,English,Intermediate,Unknown,Bank Transfer,500000,-50000,550000,Paid,Active,2025,4,October,42,Friday
PAY02242,2/8/2025,February,STU0409,Math,Advanced,John,E-Wallet,5000000,0,5000000,Paid,Inactive,2025,1,February,6,Saturday
PAY02243,2/7/2025,February,STU0451,IELTS,Advanced,Emily,Cash,700000,100000,600000,Paid,Active,2025,1,February,6,Friday
PAY02244,8/21/2025,August,STU0004,English,Beginner,John,Bank Transfer,500000,100000,400000,Unpaid,Active,2025,3,August,34,Thursday
PAY02245,3/19/2025,March,STU0168,English,Advanced,Linda,Unknown,650000,-50000,700000,Paid,Active,2025,1,March,12,Wednesday
PAY02246,10/23/2025,October,STU0093,Math,Beginner,Sarah,E-Wallet,650000,25000,625000,Paid,Inactive,2025,4,October,43,Thursday
PAY02247,10/4/2025,October,STU0476,TOEFL,Advanced,Linda,Bank Transfer,500000,50000,450000,Unpaid,Inactive,2025,4,October,40,Saturday
PAY02248,8/6/2025,August,STU0014,IELTS,Intermediate,Sarah,Unknown,650000,25000,625000,Unpaid,Active,2025,3,August,32,Wednesday
PAY02249,8/16/2025,August,STU0205,TOEFL,Beginner,John,E-Wallet,750000,0,750000,Paid,Active,2025,3,August,33,Saturday
PAY02250,3/31/2025,March,STU0251,Grammar,Advanced,Emily,Bank Transfer,650000,25000,625000,Paid,Inactive,2025,1,March,14,Monday
PAY02251,2/16/2025,February,STU0484,English,Beginner,John,Bank Transfer,750000,50000,700000,Unpaid,Active,2025,1,February,7,Sunday
PAY02252,2/21/2025,February,STU0223,Speaking,Beginner,Sarah,Cash,700000,50000,650000,Paid,Active,2025,1,February,8,Friday
PAY02253,8/30/2025,August,STU0166,English,Beginner,Linda,Bank Transfer,700000,0,700000,Paid,Active,2025,3,August,35,Saturday
PAY02254,3/7/2025,March,STU0020,English,Advanced,Linda,Unknown,650000,0,650000,Paid,Active,2025,1,March,10,Friday
PAY02255,7/10/2025,July,STU0480,IELTS,Advanced,Michael,Bank Transfer,650000,100000,550000,Paid,Inactive,2025,3,July,28,Thursday
PAY02256,1/16/2025,January,STU0192,Speaking,Advanced,Emily,Cash,650000,50000,600000,Paid,Active,2025,1,January,3,Thursday
PAY02257,1/15/2025,January,STU0468,English,Beginner,Sarah,Bank Transfer,500000,0,500000,Paid,Inactive,2025,1,January,3,Wednesday
PAY02258,3/22/2025,March,STU0048,English,Beginner,Sarah,Bank Transfer,500000,50000,450000,Unpaid,Active,2025,1,March,12,Saturday
PAY02259,10/2/2025,October,STU0001,Speaking,Intermediate,John,Bank Transfer,650000,-50000,700000,Paid,Active,2025,4,October,40,Thursday
PAY02260,12/3/2025,December,STU0245,English,Advanced,Unknown,Bank Transfer,5000000,0,5000000,Paid,Inactive,2025,4,December,49,Wednesday
PAY02261,9/21/2025,September,STU0381,Math,Advanced,John,Bank Transfer,650000,25000,625000,Paid,Active,2025,3,September,38,Sunday
PAY02262,5/8/2025,May,STU0155,Grammar,Advanced,John,Cash,700000,25000,675000,Paid,Active,2025,2,May,19,Thursday
PAY02263,3/9/2025,March,STU0297,English,Advanced,John,Cash,750000,50000,700000,Paid,Inactive,2025,1,March,10,Sunday
PAY02264,4/4/2025,April,STU0407,TOEFL,Beginner,John,Bank Transfer,650000,0,650000,Paid,Active,2025,2,April,14,Friday
PAY02265,9/5/2025,September,STU0498,English,Intermediate,Linda,Bank Transfer,650000,0,650000,Paid,Active,2025,3,September,36,Friday
PAY02266,10/7/2025,October,STU0394,Grammar,Intermediate,Michael,Bank Transfer,500000,0,500000,Unpaid,Active,2025,4,October,41,Tuesday
PAY02267,10/9/2025,October,STU0391,Speaking,Beginner,Emily,Bank Transfer,500000,0,500000,Paid,Active,2025,4,October,41,Thursday
PAY02268,10/6/2025,October,STU0425,Math,Beginner,Sarah,Cash,500000,25000,475000,Unpaid,Inactive,2025,4,October,41,Monday
PAY02269,6/27/2025,June,STU0482,Math,Advanced,Michael,Bank Transfer,750000,100000,650000,Paid,Inactive,2025,2,June,26,Friday
PAY02270,3/14/2025,March,STU0182,IELTS,Advanced,Sarah,E-Wallet,500000,25000,475000,Paid,Active,2025,1,March,11,Friday
PAY02271,10/4/2025,October,STU0052,IELTS,Advanced,Unknown,Bank Transfer,5000000,25000,4975000,Paid,Inactive,2025,4,October,40,Saturday
PAY02272,10/4/2025,October,STU0497,English,Intermediate,John,E-Wallet,650000,50000,600000,Unpaid,Active,2025,4,October,40,Saturday
PAY02273,8/28/2025,August,STU0001,Math,Intermediate,Sarah,Cash,650000,0,650000,Unpaid,Inactive,2025,3,August,35,Thursday
PAY02274,11/10/2025,November,STU0247,IELTS,Beginner,John,Unknown,500000,100000,400000,Paid,Active,2025,4,November,46,Monday
PAY02275,7/20/2025,July,STU0494,Speaking,Beginner,John,Cash,650000,50000,600000,Paid,Inactive,2025,3,July,29,Sunday
PAY02276,4/16/2025,April,STU0168,English,Advanced,Sarah,E-Wallet,650000,0,650000,Unpaid,Active,2025,2,April,16,Wednesday
PAY02277,11/18/2025,November,STU0421,Math,Advanced,Unknown,Bank Transfer,650000,0,650000,Paid,Active,2025,4,November,47,Tuesday
PAY02278,6/24/2025,June,STU0131,Math,Advanced,John,Bank Transfer,500000,100000,400000,Paid,Inactive,2025,2,June,26,Tuesday
PAY02279,12/30/2025,December,STU0046,Grammar,Beginner,John,Unknown,700000,25000,675000,Paid,Active,2025,4,December,1,Tuesday
PAY02280,8/4/2025,August,STU0376,Speaking,Intermediate,Sarah,Bank Transfer,500000,50000,450000,Unpaid,Active,2025,3,August,32,Monday
PAY02281,7/2/2025,July,STU0249,TOEFL,Advanced,John,Bank Transfer,500000,0,500000,Paid,Active,2025,3,July,27,Wednesday
PAY02282,12/7/2025,December,STU0311,English,Advanced,Sarah,Unknown,500000,0,500000,Paid,Active,2025,4,December,49,Sunday
PAY02283,1/22/2025,January,STU0295,Math,Beginner,Linda,Bank Transfer,5000000,0,5000000,Paid,Active,2025,1,January,4,Wednesday
PAY02284,7/21/2025,July,STU0437,English,Advanced,Sarah,Cash,700000,0,700000,Unpaid,Active,2025,3,July,30,Monday
PAY02285,12/9/2025,December,STU0323,Grammar,Beginner,David,Bank Transfer,650000,-50000,700000,Paid,Active,2025,4,December,50,Tuesday
PAY02286,5/10/2025,May,STU0128,Speaking,Intermediate,John,Bank Transfer,700000,50000,650000,Unpaid,Active,2025,2,May,19,Saturday
PAY02287,3/24/2025,March,STU0380,English,Intermediate,Michael,Unknown,5000000,-50000,5050000,Unpaid,Active,2025,1,March,13,Monday
PAY02288,6/20/2025,June,STU0429,TOEFL,Intermediate,David,Cash,5000000,-50000,5050000,Paid,Active,2025,2,June,25,Friday
PAY02289,11/24/2025,November,STU0096,English,Beginner,David,Unknown,700000,-50000,750000,Paid,Active,2025,4,November,48,Monday
PAY02290,6/29/2025,June,STU0492,IELTS,Intermediate,John,Cash,750000,50000,700000,Paid,Active,2025,2,June,26,Sunday
PAY02291,9/17/2025,September,STU0317,Math,Beginner,Sarah,Cash,5000000,-50000,5050000,Paid,Active,2025,3,September,38,Wednesday
PAY02292,5/15/2025,May,STU0069,English,Beginner,David,E-Wallet,700000,-50000,750000,Paid,Active,2025,2,May,20,Thursday
PAY02293,6/15/2025,June,STU0080,Speaking,Beginner,John,Bank Transfer,750000,0,750000,Paid,Inactive,2025,2,June,24,Sunday
PAY02294,5/6/2025,May,STU0075,English,Intermediate,Linda,Cash,750000,0,750000,Paid,Active,2025,2,May,19,Tuesday
PAY02295,8/13/2025,August,STU0099,English,Beginner,Sarah,E-Wallet,5000000,-50000,5050000,Unpaid,Active,2025,3,August,33,Wednesday
PAY02296,5/14/2025,May,STU0461,TOEFL,Intermediate,Sarah,Bank Transfer,700000,100000,600000,Paid,Inactive,2025,2,May,20,Wednesday
PAY02297,6/14/2025,June,STU0470,English,Advanced,Emily,Cash,5000000,-50000,5050000,Paid,Inactive,2025,2,June,24,Saturday
PAY02298,6/28/2025,June,STU0028,English,Advanced,John,Bank Transfer,750000,50000,700000,Paid,Active,2025,2,June,26,Saturday
PAY02299,2/3/2025,February,STU0333,English,Intermediate,John,Unknown,500000,-50000,550000,Paid,Inactive,2025,1,February,6,Monday
PAY02300,2/2/2025,February,STU0130,English,Advanced,Unknown,Bank Transfer,500000,0,500000,Unpaid,Inactive,2025,1,February,5,Sunday
PAY02301,7/22/2025,July,STU0346,Speaking,Intermediate,Linda,E-Wallet,750000,50000,700000,Paid,Active,2025,3,July,30,Tuesday
PAY02302,3/15/2025,March,STU0387,Grammar,Advanced,Sarah,Unknown,500000,-50000,550000,Paid,Active,2025,1,March,11,Saturday
PAY02303,9/29/2025,September,STU0308,IELTS,Beginner,John,Cash,650000,0,650000,Unpaid,Active,2025,3,September,40,Monday
PAY02304,6/19/2025,June,STU0486,English,Intermediate,John,Cash,500000,100000,400000,Unpaid,Inactive,2025,2,June,25,Thursday
PAY02305,6/25/2025,June,STU0363,English,Intermediate,John,Cash,500000,50000,450000,Paid,Active,2025,2,June,26,Wednesday
PAY02306,7/25/2025,July,STU0325,Math,Intermediate,John,Unknown,650000,50000,600000,Paid,Active,2025,3,July,30,Friday
PAY02307,1/11/2025,January,STU0049,IELTS,Beginner,Sarah,Cash,5000000,0,5000000,Paid,Active,2025,1,January,2,Saturday
PAY02308,7/16/2025,July,STU0440,Math,Beginner,Linda,Cash,500000,-50000,550000,Paid,Active,2025,3,July,29,Wednesday
PAY02309,4/4/2025,April,STU0468,IELTS,Advanced,Emily,E-Wallet,700000,0,700000,Paid,Active,2025,2,April,14,Friday
PAY02310,12/28/2025,December,STU0228,English,Advanced,John,E-Wallet,5000000,25000,4975000,Paid,Active,2025,4,December,52,Sunday
PAY02311,5/30/2025,May,STU0266,IELTS,Beginner,John,Bank Transfer,700000,0,700000,Paid,Inactive,2025,2,May,22,Friday
PAY02312,11/10/2025,November,STU0200,English,Beginner,Sarah,Cash,750000,0,750000,Unpaid,Inactive,2025,4,November,46,Monday
PAY02313,7/7/2025,July,STU0207,English,Intermediate,John,Bank Transfer,650000,100000,550000,Paid,Active,2025,3,July,28,Monday
PAY02314,9/24/2025,September,STU0360,English,Advanced,Linda,Bank Transfer,700000,-50000,750000,Unpaid,Inactive,2025,3,September,39,Wednesday
PAY02315,8/18/2025,August,STU0223,English,Beginner,John,Cash,700000,0,700000,Unpaid,Active,2025,3,August,34,Monday
PAY02316,6/14/2025,June,STU0403,Speaking,Advanced,John,E-Wallet,5000000,100000,4900000,Paid,Inactive,2025,2,June,24,Saturday
PAY02317,2/15/2025,February,STU0278,IELTS,Advanced,Emily,Cash,5000000,0,5000000,Paid,Active,2025,1,February,7,Saturday
PAY02318,1/25/2025,January,STU0276,English,Advanced,John,Cash,750000,25000,725000,Paid,Inactive,2025,1,January,4,Saturday
PAY02319,9/18/2025,September,STU0487,IELTS,Beginner,Emily,Cash,500000,25000,475000,Paid,Inactive,2025,3,September,38,Thursday
PAY02320,9/11/2025,September,STU0024,English,Beginner,Sarah,Bank Transfer,5000000,0,5000000,Paid,Inactive,2025,3,September,37,Thursday
PAY02321,12/4/2025,December,STU0191,English,Beginner,Michael,Bank Transfer,650000,100000,550000,Paid,Inactive,2025,4,December,49,Thursday
PAY02322,11/15/2025,November,STU0443,Speaking,Beginner,David,Bank Transfer,750000,0,750000,Paid,Active,2025,4,November,46,Saturday
PAY02323,8/1/2025,August,STU0098,English,Intermediate,Unknown,Cash,750000,50000,700000,Paid,Active,2025,3,August,31,Friday
PAY02324,1/22/2025,January,STU0037,Math,Beginner,Michael,Unknown,650000,0,650000,Unpaid,Active,2025,1,January,4,Wednesday
PAY02325,4/4/2025,April,STU0349,English,Intermediate,Sarah,Bank Transfer,650000,0,650000,Unpaid,Active,2025,2,April,14,Friday
PAY02326,2/25/2025,February,STU0285,English,Beginner,Michael,E-Wallet,750000,25000,725000,Paid,Active,2025,1,February,9,Tuesday
PAY02327,9/3/2025,September,STU0199,IELTS,Beginner,Sarah,Bank Transfer,500000,25000,475000,Unpaid,Active,2025,3,September,36,Wednesday
PAY02328,8/13/2025,August,STU0340,TOEFL,Beginner,Emily,Cash,750000,-50000,800000,Paid,Active,2025,3,August,33,Wednesday
PAY02329,3/20/2025,March,STU0103,English,Intermediate,John,Bank Transfer,700000,25000,675000,Unpaid,Active,2025,1,March,12,Thursday
PAY02330,4/26/2025,April,STU0225,English,Intermediate,Sarah,Unknown,650000,50000,600000,Paid,Active,2025,2,April,17,Saturday
PAY02331,10/13/2025,October,STU0030,Math,Advanced,Sarah,Bank Transfer,650000,-50000,700000,Paid,Active,2025,4,October,42,Monday
PAY02332,11/13/2025,November,STU0462,Math,Advanced,Linda,Cash,700000,50000,650000,Unpaid,Active,2025,4,November,46,Thursday
PAY02333,10/16/2025,October,STU0115,English,Advanced,Sarah,Cash,750000,-50000,800000,Paid,Active,2025,4,October,42,Thursday
PAY02334,10/20/2025,October,STU0231,TOEFL,Advanced,John,E-Wallet,700000,0,700000,Unpaid,Active,2025,4,October,43,Monday
PAY02335,11/22/2025,November,STU0451,Grammar,Beginner,Michael,Bank Transfer,750000,25000,725000,Paid,Inactive,2025,4,November,47,Saturday
PAY02336,7/18/2025,July,STU0222,Speaking,Beginner,John,Bank Transfer,650000,50000,600000,Unpaid,Inactive,2025,3,July,29,Friday
PAY02337,7/25/2025,July,STU0216,English,Intermediate,John,Bank Transfer,700000,25000,675000,Unpaid,Active,2025,3,July,30,Friday
PAY02338,7/6/2025,July,STU0371,TOEFL,Beginner,Linda,Cash,700000,0,700000,Paid,Inactive,2025,3,July,27,Sunday
PAY02339,12/4/2025,December,STU0406,English,Intermediate,David,Bank Transfer,750000,-50000,800000,Unpaid,Inactive,2025,4,December,49,Thursday
PAY02340,8/29/2025,August,STU0464,English,Beginner,Linda,Bank Transfer,5000000,0,5000000,Unpaid,Inactive,2025,3,August,35,Friday
PAY02341,12/4/2025,December,STU0227,English,Advanced,Linda,Bank Transfer,5000000,100000,4900000,Paid,Inactive,2025,4,December,49,Thursday
PAY02342,5/20/2025,May,STU0102,IELTS,Intermediate,Emily,Bank Transfer,750000,-50000,800000,Paid,Inactive,2025,2,May,21,Tuesday
PAY02343,9/7/2025,September,STU0322,English,Advanced,Sarah,Unknown,5000000,-50000,5050000,Paid,Active,2025,3,September,36,Sunday
PAY02344,1/11/2025,January,STU0161,Grammar,Beginner,Michael,Bank Transfer,500000,50000,450000,Unpaid,Active,2025,1,January,2,Saturday
PAY02345,7/5/2025,July,STU0361,IELTS,Intermediate,David,Cash,5000000,100000,4900000,Paid,Inactive,2025,3,July,27,Saturday
PAY02346,3/19/2025,March,STU0317,English,Beginner,Sarah,E-Wallet,750000,0,750000,Paid,Active,2025,1,March,12,Wednesday
PAY02347,12/25/2025,December,STU0076,English,Beginner,John,Bank Transfer,650000,0,650000,Unpaid,Active,2025,4,December,52,Thursday
PAY02348,7/14/2025,July,STU0419,Grammar,Intermediate,Unknown,E-Wallet,650000,0,650000,Paid,Active,2025,3,July,29,Monday
PAY02349,1/11/2025,January,STU0044,Grammar,Beginner,Michael,Bank Transfer,5000000,50000,4950000,Paid,Active,2025,1,January,2,Saturday
PAY02350,12/13/2025,December,STU0405,TOEFL,Advanced,Emily,Bank Transfer,650000,0,650000,Paid,Active,2025,4,December,50,Saturday
PAY02351,7/1/2025,July,STU0214,IELTS,Intermediate,David,Bank Transfer,500000,-50000,550000,Paid,Active,2025,3,July,27,Tuesday
PAY02352,9/24/2025,September,STU0027,TOEFL,Advanced,David,Bank Transfer,750000,50000,700000,Unpaid,Active,2025,3,September,39,Wednesday
PAY02353,6/22/2025,June,STU0337,English,Advanced,Sarah,Bank Transfer,700000,0,700000,Paid,Active,2025,2,June,25,Sunday
PAY02354,3/8/2025,March,STU0103,English,Intermediate,John,Cash,5000000,0,5000000,Paid,Active,2025,1,March,10,Saturday
PAY02355,12/23/2025,December,STU0438,English,Intermediate,Emily,Bank Transfer,700000,50000,650000,Unpaid,Active,2025,4,December,52,Tuesday
PAY02356,10/10/2025,October,STU0468,English,Advanced,Sarah,Unknown,750000,50000,700000,Paid,Active,2025,4,October,41,Friday
PAY02357,9/18/2025,September,STU0055,TOEFL,Beginner,Michael,Bank Transfer,500000,25000,475000,Paid,Inactive,2025,3,September,38,Thursday
PAY02358,10/20/2025,October,STU0007,Grammar,Advanced,Sarah,Bank Transfer,500000,0,-500000,Paid,Active,2025,4,October,43,Monday
PAY02359,11/20/2025,November,STU0361,IELTS,Beginner,Sarah,Bank Transfer,500000,-50000,550000,Paid,Active,2025,4,November,47,Thursday
PAY02360,1/2/2025,January,STU0041,English,Intermediate,Sarah,Bank Transfer,650000,25000,625000,Unpaid,Inactive,2025,1,January,1,Thursday
PAY02361,12/29/2025,December,STU0148,English,Intermediate,Michael,E-Wallet,5000000,0,5000000,Paid,Active,2025,4,December,1,Monday
PAY02362,4/1/2025,April,STU0295,TOEFL,Advanced,Sarah,Cash,700000,25000,675000,Paid,Inactive,2025,2,April,14,Tuesday
PAY02363,4/6/2025,April,STU0429,Speaking,Advanced,John,E-Wallet,650000,25000,625000,Paid,Active,2025,2,April,14,Sunday
PAY02364,4/22/2025,April,STU0272,English,Advanced,David,Bank Transfer,700000,50000,650000,Paid,Active,2025,2,April,17,Tuesday
PAY02365,2/1/2025,February,STU0031,English,Beginner,John,Cash,750000,50000,700000,Paid,Active,2025,1,February,5,Saturday
PAY02366,6/13/2025,June,STU0292,Speaking,Advanced,Emily,Bank Transfer,5000000,0,5000000,Unpaid,Active,2025,2,June,24,Friday
PAY02367,7/9/2025,July,STU0382,TOEFL,Beginner,Unknown,Bank Transfer,700000,100000,600000,Paid,Active,2025,3,July,28,Wednesday
PAY02368,7/29/2025,July,STU0434,English,Intermediate,John,Bank Transfer,750000,50000,700000,Paid,Inactive,2025,3,July,31,Tuesday
PAY02369,7/17/2025,July,STU0196,IELTS,Intermediate,Emily,Cash,500000,25000,475000,Unpaid,Inactive,2025,3,July,29,Thursday
PAY02370,3/19/2025,March,STU0242,IELTS,Intermediate,Emily,Bank Transfer,650000,0,-650000,Paid,Active,2025,1,March,12,Wednesday
PAY02371,7/20/2025,July,STU0098,English,Advanced,John,Bank Transfer,700000,-50000,750000,Unpaid,Inactive,2025,3,July,29,Sunday
PAY02372,9/7/2025,September,STU0166,English,Advanced,David,Bank Transfer,700000,0,700000,Paid,Active,2025,3,September,36,Sunday
PAY02373,4/21/2025,April,STU0324,IELTS,Intermediate,David,Cash,750000,0,750000,Paid,Active,2025,2,April,17,Monday
PAY02374,11/10/2025,November,STU0175,Grammar,Advanced,Michael,Bank Transfer,5000000,25000,4975000,Paid,Active,2025,4,November,46,Monday
PAY02375,2/2/2025,February,STU0108,Grammar,Advanced,Linda,Unknown,750000,50000,700000,Unpaid,Active,2025,1,February,5,Sunday
PAY02376,5/24/2025,May,STU0462,IELTS,Intermediate,Unknown,Bank Transfer,5000000,50000,4950000,Paid,Inactive,2025,2,May,21,Saturday
PAY02377,5/8/2025,May,STU0161,Math,Intermediate,Michael,E-Wallet,5000000,100000,4900000,Unpaid,Active,2025,2,May,19,Thursday
PAY02378,9/28/2025,September,STU0485,Speaking,Beginner,John,Bank Transfer,750000,-50000,800000,Paid,Active,2025,3,September,39,Sunday
PAY02379,12/31/2025,December,STU0115,English,Intermediate,Emily,Unknown,700000,0,700000,Paid,Active,2025,4,December,1,Wednesday
PAY02380,10/15/2025,October,STU0161,TOEFL,Advanced,Linda,E-Wallet,700000,50000,650000,Paid,Active,2025,4,October,42,Wednesday
PAY02381,6/1/2025,June,STU0145,TOEFL,Intermediate,John,Cash,650000,-50000,700000,Paid,Active,2025,2,June,22,Sunday
PAY02382,5/14/2025,May,STU0334,English,Beginner,Emily,Bank Transfer,650000,50000,600000,Paid,Active,2025,2,May,20,Wednesday
PAY02383,11/17/2025,November,STU0389,Grammar,Beginner,David,Bank Transfer,5000000,25000,4975000,Unpaid,Inactive,2025,4,November,47,Monday
PAY02384,12/28/2025,December,STU0166,English,Beginner,John,Unknown,700000,25000,675000,Unpaid,Active,2025,4,December,52,Sunday
PAY02385,7/8/2025,July,STU0014,English,Advanced,Emily,Bank Transfer,700000,0,700000,Paid,Active,2025,3,July,28,Tuesday
PAY02386,11/10/2025,November,STU0292,English,Advanced,John,Cash,700000,50000,650000,Paid,Inactive,2025,4,November,46,Monday
PAY02387,9/12/2025,September,STU0268,IELTS,Advanced,Linda,Cash,500000,25000,475000,Unpaid,Active,2025,3,September,37,Friday
PAY02388,6/23/2025,June,STU0253,English,Advanced,John,E-Wallet,750000,50000,700000,Unpaid,Active,2025,2,June,26,Monday
PAY02389,12/22/2025,December,STU0230,IELTS,Beginner,David,Bank Transfer,5000000,0,5000000,Paid,Active,2025,4,December,52,Monday
PAY02390,11/27/2025,November,STU0116,English,Beginner,John,Bank Transfer,500000,0,500000,Paid,Inactive,2025,4,November,48,Thursday
PAY02391,3/12/2025,March,STU0344,English,Beginner,Sarah,Unknown,700000,100000,600000,Unpaid,Active,2025,1,March,11,Wednesday
PAY02392,1/13/2025,January,STU0302,English,Beginner,Linda,E-Wallet,5000000,0,5000000,Unpaid,Active,2025,1,January,3,Monday
PAY02393,6/28/2025,June,STU0425,IELTS,Intermediate,Linda,Bank Transfer,5000000,50000,4950000,Paid,Active,2025,2,June,26,Saturday
PAY02394,11/18/2025,November,STU0199,IELTS,Beginner,Unknown,Bank Transfer,700000,-50000,750000,Unpaid,Inactive,2025,4,November,47,Tuesday
PAY02395,6/17/2025,June,STU0232,English,Intermediate,Unknown,Cash,750000,0,750000,Paid,Active,2025,2,June,25,Tuesday
PAY02396,4/15/2025,April,STU0055,TOEFL,Beginner,Unknown,Cash,500000,0,500000,Paid,Active,2025,2,April,16,Tuesday
PAY02397,12/20/2025,December,STU0028,TOEFL,Advanced,David,Bank Transfer,5000000,50000,4950000,Paid,Active,2025,4,December,51,Saturday
PAY02398,6/8/2025,June,STU0106,English,Advanced,John,Cash,650000,25000,625000,Unpaid,Active,2025,2,June,23,Sunday
PAY02399,7/20/2025,July,STU0147,TOEFL,Beginner,Unknown,Cash,750000,100000,650000,Paid,Active,2025,3,July,29,Sunday
PAY02400,11/14/2025,November,STU0156,English,Intermediate,Unknown,Bank Transfer,500000,50000,450000,Paid,Active,2025,4,November,46,Friday
PAY02401,7/8/2025,July,STU0191,Math,Intermediate,John,Cash,650000,100000,550000,Paid,Active,2025,3,July,28,Tuesday
PAY02402,1/18/2025,January,STU0477,TOEFL,Beginner,John,Bank Transfer,700000,25000,675000,Paid,Active,2025,1,January,3,Saturday
PAY02403,2/27/2025,February,STU0297,Speaking,Intermediate,John,Cash,650000,100000,550000,Paid,Active,2025,1,February,9,Thursday
PAY02404,2/2/2025,February,STU0194,English,Beginner,John,Bank Transfer,650000,0,650000,Unpaid,Active,2025,1,February,5,Sunday
PAY02405,3/31/2025,March,STU0492,Speaking,Advanced,David,Cash,5000000,0,5000000,Unpaid,Inactive,2025,1,March,14,Monday
PAY02406,5/17/2025,May,STU0230,English,Advanced,John,Unknown,700000,25000,675000,Paid,Active,2025,2,May,20,Saturday
PAY02407,10/14/2025,October,STU0025,Speaking,Intermediate,Sarah,E-Wallet,650000,0,650000,Unpaid,Active,2025,4,October,42,Tuesday
PAY02408,8/30/2025,August,STU0372,IELTS,Intermediate,Emily,Bank Transfer,700000,0,700000,Paid,Active,2025,3,August,35,Saturday
PAY02409,7/10/2025,July,STU0345,English,Advanced,Sarah,Bank Transfer,700000,50000,650000,Unpaid,Active,2025,3,July,28,Thursday
PAY02410,2/14/2025,February,STU0331,English,Intermediate,Sarah,Unknown,650000,50000,600000,Paid,Inactive,2025,1,February,7,Friday
PAY02411,1/22/2025,January,STU0175,IELTS,Advanced,Michael,Unknown,5000000,0,5000000,Paid,Active,2025,1,January,4,Wednesday
PAY02412,2/11/2025,February,STU0267,Math,Advanced,John,Bank Transfer,500000,-50000,550000,Paid,Inactive,2025,1,February,7,Tuesday
PAY02413,4/27/2025,April,STU0429,Grammar,Advanced,John,E-Wallet,750000,0,750000,Paid,Active,2025,2,April,17,Sunday
PAY02414,4/23/2025,April,STU0055,TOEFL,Advanced,John,Bank Transfer,750000,0,750000,Paid,Inactive,2025,2,April,17,Wednesday
PAY02415,1/1/2025,January,STU0356,Speaking,Beginner,John,Bank Transfer,750000,25000,725000,Paid,Active,2025,1,January,1,Wednesday
PAY02416,4/8/2025,April,STU0107,IELTS,Advanced,Sarah,Cash,500000,0,500000,Unpaid,Active,2025,2,April,15,Tuesday
PAY02417,3/2/2025,March,STU0358,Speaking,Intermediate,John,Bank Transfer,700000,0,700000,Paid,Active,2025,1,March,9,Sunday
PAY02418,8/8/2025,August,STU0252,English,Intermediate,Emily,Bank Transfer,5000000,-50000,5050000,Paid,Active,2025,3,August,32,Friday
PAY02419,12/25/2025,December,STU0217,Grammar,Advanced,John,Cash,750000,-50000,800000,Unpaid,Active,2025,4,December,52,Thursday
PAY02420,9/7/2025,September,STU0043,TOEFL,Advanced,Sarah,Bank Transfer,750000,50000,700000,Unpaid,Active,2025,3,September,36,Sunday
PAY02421,5/4/2025,May,STU0398,English,Beginner,Unknown,Bank Transfer,500000,50000,450000,Paid,Active,2025,2,May,18,Sunday
PAY02422,12/17/2025,December,STU0479,English,Beginner,Sarah,Bank Transfer,5000000,0,5000000,Unpaid,Active,2025,4,December,51,Wednesday
PAY02423,12/23/2025,December,STU0130,Math,Advanced,Sarah,Bank Transfer,5000000,0,5000000,Paid,Active,2025,4,December,52,Tuesday
PAY02424,5/31/2025,May,STU0219,Math,Advanced,Michael,Unknown,500000,50000,450000,Paid,Inactive,2025,2,May,22,Saturday
PAY02425,9/4/2025,September,STU0382,IELTS,Intermediate,John,Bank Transfer,650000,0,650000,Paid,Inactive,2025,3,September,36,Thursday
PAY02426,6/24/2025,June,STU0359,Math,Beginner,Michael,Bank Transfer,650000,0,650000,Paid,Active,2025,2,June,26,Tuesday
PAY02427,8/13/2025,August,STU0363,Grammar,Advanced,Sarah,Cash,700000,0,700000,Unpaid,Active,2025,3,August,33,Wednesday
PAY02428,1/18/2025,January,STU0035,Math,Beginner,David,Cash,750000,-50000,800000,Unpaid,Active,2025,1,January,3,Saturday
PAY02429,7/25/2025,July,STU0045,IELTS,Advanced,Linda,Bank Transfer,650000,0,650000,Paid,Active,2025,3,July,30,Friday
PAY02430,10/13/2025,October,STU0337,IELTS,Advanced,John,Cash,750000,0,750000,Paid,Active,2025,4,October,42,Monday
PAY02431,4/29/2025,April,STU0360,English,Beginner,Emily,Cash,650000,50000,600000,Paid,Active,2025,2,April,18,Tuesday
PAY02432,2/27/2025,February,STU0451,IELTS,Intermediate,Linda,Unknown,5000000,-50000,-5050000,Unpaid,Inactive,2025,1,February,9,Thursday
PAY02433,4/7/2025,April,STU0089,English,Advanced,Sarah,Unknown,750000,100000,650000,Paid,Inactive,2025,2,April,15,Monday
PAY02434,12/8/2025,December,STU0035,English,Advanced,Sarah,E-Wallet,5000000,25000,4975000,Paid,Inactive,2025,4,December,50,Monday
PAY02435,11/17/2025,November,STU0209,English,Intermediate,John,Unknown,700000,25000,675000,Unpaid,Active,2025,4,November,47,Monday
PAY02436,1/15/2025,January,STU0429,TOEFL,Advanced,Michael,Bank Transfer,700000,100000,600000,Paid,Active,2025,1,January,3,Wednesday
PAY02437,11/27/2025,November,STU0255,Math,Intermediate,Unknown,Cash,650000,-50000,700000,Unpaid,Active,2025,4,November,48,Thursday
PAY02438,10/15/2025,October,STU0143,English,Intermediate,John,Cash,650000,0,650000,Unpaid,Active,2025,4,October,42,Wednesday
PAY02439,10/2/2025,October,STU0198,IELTS,Intermediate,Emily,Cash,700000,100000,600000,Paid,Active,2025,4,October,40,Thursday
PAY02440,6/25/2025,June,STU0139,Speaking,Advanced,Sarah,Bank Transfer,700000,0,700000,Unpaid,Active,2025,2,June,26,Wednesday
PAY02441,5/3/2025,May,STU0172,English,Intermediate,David,E-Wallet,700000,50000,650000,Unpaid,Inactive,2025,2,May,18,Saturday
PAY02442,11/10/2025,November,STU0186,Grammar,Beginner,John,E-Wallet,700000,25000,675000,Paid,Inactive,2025,4,November,46,Monday
PAY02443,3/2/2025,March,STU0325,Grammar,Beginner,John,Bank Transfer,650000,25000,625000,Paid,Active,2025,1,March,9,Sunday
PAY02444,9/5/2025,September,STU0075,Speaking,Advanced,Sarah,Bank Transfer,5000000,100000,4900000,Paid,Active,2025,3,September,36,Friday
PAY02445,10/9/2025,October,STU0479,Speaking,Intermediate,John,E-Wallet,500000,0,500000,Paid,Active,2025,4,October,41,Thursday
PAY02446,9/19/2025,September,STU0219,English,Advanced,Sarah,Bank Transfer,650000,50000,600000,Unpaid,Active,2025,3,September,38,Friday
PAY02447,6/10/2025,June,STU0390,English,Beginner,Sarah,Bank Transfer,650000,25000,625000,Paid,Active,2025,2,June,24,Tuesday
PAY02448,3/7/2025,March,STU0339,English,Beginner,Sarah,Bank Transfer,750000,25000,725000,Paid,Active,2025,1,March,10,Friday
PAY02449,5/26/2025,May,STU0310,Speaking,Advanced,Emily,Unknown,650000,25000,625000,Paid,Inactive,2025,2,May,22,Monday
PAY02450,1/12/2025,January,STU0423,English,Beginner,Sarah,E-Wallet,650000,25000,625000,Paid,Inactive,2025,1,January,2,Sunday
PAY02451,2/16/2025,February,STU0433,English,Beginner,Linda,Bank Transfer,750000,0,750000,Paid,Inactive,2025,1,February,7,Sunday
PAY02452,3/30/2025,March,STU0344,Speaking,Intermediate,Unknown,Unknown,700000,0,-700000,Paid,Active,2025,1,March,13,Sunday
PAY02453,8/17/2025,August,STU0210,English,Intermediate,Michael,Cash,650000,0,650000,Unpaid,Active,2025,3,August,33,Sunday
PAY02454,1/12/2025,January,STU0405,Grammar,Intermediate,John,Bank Transfer,650000,0,650000,Paid,Active,2025,1,January,2,Sunday
PAY02455,8/15/2025,August,STU0308,English,Beginner,John,Bank Transfer,700000,25000,675000,Paid,Active,2025,3,August,33,Friday
PAY02456,6/30/2025,June,STU0461,TOEFL,Intermediate,Unknown,Bank Transfer,700000,25000,675000,Paid,Inactive,2025,2,June,27,Monday
PAY02457,11/27/2025,November,STU0200,Grammar,Intermediate,John,Cash,750000,0,750000,Unpaid,Active,2025,4,November,48,Thursday
PAY02458,8/17/2025,August,STU0118,Speaking,Intermediate,David,Bank Transfer,500000,100000,400000,Paid,Inactive,2025,3,August,33,Sunday
PAY02459,4/23/2025,April,STU0390,TOEFL,Beginner,Michael,Cash,500000,100000,400000,Paid,Active,2025,2,April,17,Wednesday
PAY02460,5/9/2025,May,STU0151,IELTS,Intermediate,David,Unknown,5000000,50000,4950000,Paid,Inactive,2025,2,May,19,Friday
PAY02461,7/29/2025,July,STU0447,Math,Advanced,John,E-Wallet,650000,-50000,700000,Paid,Inactive,2025,3,July,31,Tuesday
PAY02462,5/28/2025,May,STU0414,TOEFL,Advanced,Sarah,Cash,750000,25000,725000,Paid,Active,2025,2,May,22,Wednesday
PAY02463,4/2/2025,April,STU0371,IELTS,Beginner,Sarah,Bank Transfer,750000,-50000,800000,Paid,Active,2025,2,April,14,Wednesday
PAY02464,6/16/2025,June,STU0257,English,Intermediate,Michael,Bank Transfer,700000,-50000,750000,Paid,Active,2025,2,June,25,Monday
PAY02465,3/21/2025,March,STU0294,Speaking,Intermediate,Linda,Bank Transfer,650000,-50000,700000,Paid,Active,2025,1,March,12,Friday
PAY02466,5/8/2025,May,STU0194,IELTS,Beginner,David,Bank Transfer,5000000,0,5000000,Paid,Active,2025,2,May,19,Thursday
PAY02467,12/13/2025,December,STU0456,English,Advanced,Sarah,Bank Transfer,5000000,-50000,5050000,Paid,Active,2025,4,December,50,Saturday
PAY02468,5/9/2025,May,STU0065,English,Beginner,Sarah,E-Wallet,650000,-50000,700000,Unpaid,Active,2025,2,May,19,Friday
PAY02469,3/1/2025,March,STU0013,Grammar,Intermediate,Linda,Unknown,750000,100000,650000,Paid,Inactive,2025,1,March,9,Saturday
PAY02470,8/11/2025,August,STU0384,IELTS,Advanced,David,Bank Transfer,750000,-50000,800000,Paid,Inactive,2025,3,August,33,Monday
PAY02471,1/9/2025,January,STU0239,English,Intermediate,Linda,Bank Transfer,750000,50000,700000,Paid,Active,2025,1,January,2,Thursday
PAY02472,1/27/2025,January,STU0152,Grammar,Beginner,Emily,Bank Transfer,650000,0,650000,Unpaid,Active,2025,1,January,5,Monday
PAY02473,2/9/2025,February,STU0021,English,Beginner,Emily,Bank Transfer,700000,-50000,750000,Paid,Active,2025,1,February,6,Sunday
PAY02474,9/17/2025,September,STU0365,Speaking,Beginner,John,E-Wallet,500000,0,500000,Paid,Active,2025,3,September,38,Wednesday
PAY02475,1/13/2025,January,STU0236,Grammar,Advanced,Emily,Bank Transfer,750000,50000,700000,Unpaid,Active,2025,1,January,3,Monday
PAY02476,9/22/2025,September,STU0264,English,Advanced,Sarah,Cash,750000,100000,650000,Paid,Active,2025,3,September,39,Monday
PAY02477,3/20/2025,March,STU0375,Speaking,Beginner,Michael,Unknown,700000,0,700000,Paid,Active,2025,1,March,12,Thursday
PAY02478,11/12/2025,November,STU0023,Speaking,Beginner,Michael,Bank Transfer,700000,100000,600000,Unpaid,Inactive,2025,4,November,46,Wednesday
PAY02479,8/2/2025,August,STU0470,TOEFL,Beginner,Sarah,Bank Transfer,750000,-50000,800000,Paid,Active,2025,3,August,31,Saturday
PAY02480,9/5/2025,September,STU0085,English,Beginner,Sarah,Cash,650000,100000,550000,Unpaid,Active,2025,3,September,36,Friday
PAY02481,11/12/2025,November,STU0281,Grammar,Advanced,Emily,E-Wallet,750000,50000,700000,Paid,Active,2025,4,November,46,Wednesday
PAY02482,11/1/2025,November,STU0140,Grammar,Advanced,David,Bank Transfer,650000,0,650000,Paid,Active,2025,4,November,44,Saturday
PAY02483,1/27/2025,January,STU0285,TOEFL,Beginner,Linda,Bank Transfer,700000,0,700000,Paid,Active,2025,1,January,5,Monday
PAY02484,12/24/2025,December,STU0291,Grammar,Intermediate,Sarah,Bank Transfer,750000,0,750000,Paid,Active,2025,4,December,52,Wednesday
PAY02485,12/6/2025,December,STU0418,English,Beginner,John,Bank Transfer,700000,0,700000,Paid,Active,2025,4,December,49,Saturday
PAY02486,7/9/2025,July,STU0252,English,Advanced,Linda,Bank Transfer,700000,25000,675000,Unpaid,Inactive,2025,3,July,28,Wednesday
PAY02487,5/27/2025,May,STU0307,Grammar,Advanced,John,Unknown,5000000,25000,4975000,Paid,Active,2025,2,May,22,Tuesday
PAY02488,2/12/2025,February,STU0253,Math,Advanced,Michael,Cash,500000,25000,475000,Paid,Active,2025,1,February,7,Wednesday
PAY02489,4/1/2025,April,STU0188,Grammar,Advanced,Unknown,Cash,650000,50000,600000,Paid,Inactive,2025,2,April,14,Tuesday
PAY02490,6/8/2025,June,STU0043,English,Advanced,John,Unknown,500000,0,500000,Paid,Inactive,2025,2,June,23,Sunday
PAY02491,7/20/2025,July,STU0316,Math,Advanced,David,Bank Transfer,500000,50000,450000,Paid,Active,2025,3,July,29,Sunday
PAY02492,11/7/2025,November,STU0264,Math,Intermediate,Unknown,Bank Transfer,650000,0,650000,Paid,Active,2025,4,November,45,Friday
PAY02493,1/17/2025,January,STU0243,English,Intermediate,Sarah,Bank Transfer,700000,0,700000,Unpaid,Active,2025,1,January,3,Friday
PAY02494,8/3/2025,August,STU0124,English,Beginner,Michael,Cash,700000,0,700000,Paid,Active,2025,3,August,31,Sunday
PAY02495,10/28/2025,October,STU0065,IELTS,Advanced,Sarah,Bank Transfer,650000,0,650000,Unpaid,Active,2025,4,October,44,Tuesday
PAY02496,10/24/2025,October,STU0477,Speaking,Advanced,Linda,Bank Transfer,750000,100000,650000,Paid,Active,2025,4,October,43,Friday
PAY02497,7/6/2025,July,STU0026,English,Intermediate,John,Bank Transfer,750000,25000,725000,Unpaid,Active,2025,3,July,27,Sunday
PAY02498,12/4/2025,December,STU0168,English,Advanced,Emily,Unknown,700000,100000,600000,Paid,Inactive,2025,4,December,49,Thursday
PAY02499,1/4/2025,January,STU0449,Grammar,Beginner,John,Bank Transfer,700000,100000,600000,Paid,Active,2025,1,January,1,Saturday
PAY02500,5/23/2025,May,STU0005,Grammar,Advanced,Emily,Unknown,650000,100000,550000,Paid,Active,2025,2,May,21,Friday
PAY02501,6/22/2025,June,STU0497,TOEFL,Beginner,Michael,Bank Transfer,500000,100000,400000,Paid,Active,2025,2,June,25,Sunday
PAY02502,9/29/2025,September,STU0314,TOEFL,Intermediate,John,Bank Transfer,5000000,-50000,5050000,Paid,Active,2025,3,September,40,Monday
PAY02503,10/3/2025,October,STU0209,Math,Intermediate,John,Bank Transfer,500000,50000,450000,Paid,Inactive,2025,4,October,40,Friday
PAY02504,6/11/2025,June,STU0334,English,Beginner,Unknown,Bank Transfer,750000,50000,700000,Unpaid,Active,2025,2,June,24,Wednesday
PAY02505,1/3/2025,January,STU0231,TOEFL,Intermediate,John,Bank Transfer,500000,25000,475000,Paid,Active,2025,1,January,1,Friday
PAY02506,5/21/2025,May,STU0376,Speaking,Advanced,John,Bank Transfer,500000,-50000,550000,Paid,Inactive,2025,2,May,21,Wednesday
PAY02507,10/1/2025,October,STU0200,Grammar,Beginner,Sarah,Cash,500000,25000,475000,Paid,Active,2025,4,October,40,Wednesday
PAY02508,12/17/2025,December,STU0485,English,Beginner,Sarah,Bank Transfer,500000,50000,450000,Paid,Active,2025,4,December,51,Wednesday
PAY02509,3/28/2025,March,STU0219,TOEFL,Advanced,Michael,Bank Transfer,700000,100000,600000,Paid,Active,2025,1,March,13,Friday
PAY02510,6/8/2025,June,STU0437,English,Beginner,Sarah,Unknown,500000,25000,475000,Unpaid,Inactive,2025,2,June,23,Sunday
PAY02511,2/28/2025,February,STU0428,English,Advanced,Sarah,Bank Transfer,700000,0,700000,Paid,Active,2025,1,February,9,Friday
PAY02512,2/12/2025,February,STU0413,TOEFL,Advanced,David,Cash,500000,50000,450000,Paid,Active,2025,1,February,7,Wednesday
PAY02513,2/2/2025,February,STU0418,TOEFL,Intermediate,Emily,Cash,650000,50000,600000,Unpaid,Active,2025,1,February,5,Sunday
PAY02514,8/10/2025,August,STU0098,English,Advanced,Sarah,Cash,5000000,100000,4900000,Paid,Active,2025,3,August,32,Sunday
PAY02515,10/13/2025,October,STU0102,English,Beginner,John,Bank Transfer,750000,50000,700000,Paid,Active,2025,4,October,42,Monday
PAY02516,1/9/2025,January,STU0004,Grammar,Intermediate,Sarah,Bank Transfer,700000,100000,600000,Paid,Active,2025,1,January,2,Thursday
PAY02517,10/31/2025,October,STU0283,Grammar,Beginner,Unknown,Unknown,750000,100000,650000,Paid,Active,2025,4,October,44,Friday
PAY02518,5/6/2025,May,STU0440,Math,Beginner,David,Cash,5000000,100000,4900000,Paid,Active,2025,2,May,19,Tuesday
PAY02519,7/14/2025,July,STU0039,Grammar,Beginner,John,Bank Transfer,700000,50000,650000,Paid,Active,2025,3,July,29,Monday
PAY02520,7/28/2025,July,STU0365,Math,Beginner,Sarah,E-Wallet,500000,50000,450000,Paid,Active,2025,3,July,31,Monday
PAY02521,7/5/2025,July,STU0163,Math,Beginner,Unknown,Bank Transfer,500000,50000,450000,Paid,Active,2025,3,July,27,Saturday
PAY02522,4/29/2025,April,STU0282,Math,Advanced,Sarah,E-Wallet,700000,50000,650000,Paid,Active,2025,2,April,18,Tuesday
PAY02523,10/10/2025,October,STU0021,Speaking,Intermediate,Sarah,Cash,500000,100000,400000,Unpaid,Active,2025,4,October,41,Friday
PAY02524,1/27/2025,January,STU0302,English,Beginner,John,Cash,500000,0,500000,Unpaid,Active,2025,1,January,5,Monday
PAY02525,7/27/2025,July,STU0288,TOEFL,Beginner,Emily,Bank Transfer,700000,25000,675000,Paid,Active,2025,3,July,30,Sunday
PAY02526,11/19/2025,November,STU0065,IELTS,Advanced,Sarah,Bank Transfer,750000,25000,725000,Unpaid,Active,2025,4,November,47,Wednesday
PAY02527,12/15/2025,December,STU0097,English,Advanced,Linda,Cash,5000000,0,5000000,Unpaid,Inactive,2025,4,December,51,Monday
PAY02528,11/10/2025,November,STU0070,English,Advanced,John,E-Wallet,650000,-50000,700000,Unpaid,Active,2025,4,November,46,Monday
PAY02529,5/8/2025,May,STU0255,English,Beginner,John,E-Wallet,750000,50000,700000,Paid,Active,2025,2,May,19,Thursday
PAY02530,12/20/2025,December,STU0298,Math,Advanced,Linda,Bank Transfer,5000000,25000,4975000,Paid,Active,2025,4,December,51,Saturday
PAY02531,4/29/2025,April,STU0203,IELTS,Beginner,David,Cash,500000,0,500000,Paid,Active,2025,2,April,18,Tuesday
PAY02532,11/30/2025,November,STU0055,Grammar,Beginner,John,Bank Transfer,500000,0,500000,Paid,Active,2025,4,November,48,Sunday
PAY02533,7/8/2025,July,STU0349,Speaking,Intermediate,Linda,Unknown,750000,100000,650000,Paid,Inactive,2025,3,July,28,Tuesday
PAY02534,4/16/2025,April,STU0440,TOEFL,Intermediate,John,Bank Transfer,700000,25000,675000,Unpaid,Active,2025,2,April,16,Wednesday
PAY02535,5/10/2025,May,STU0401,English,Advanced,John,E-Wallet,750000,100000,650000,Unpaid,Inactive,2025,2,May,19,Saturday
PAY02536,7/31/2025,July,STU0091,English,Beginner,John,Unknown,700000,25000,675000,Paid,Active,2025,3,July,31,Thursday
PAY02537,10/28/2025,October,STU0231,TOEFL,Advanced,David,Unknown,700000,50000,650000,Unpaid,Active,2025,4,October,44,Tuesday
PAY02538,5/19/2025,May,STU0069,English,Beginner,John,Bank Transfer,750000,25000,725000,Paid,Inactive,2025,2,May,21,Monday
PAY02539,2/26/2025,February,STU0051,Speaking,Advanced,Sarah,Unknown,700000,-50000,750000,Unpaid,Active,2025,1,February,9,Wednesday
PAY02540,1/11/2025,January,STU0145,Speaking,Beginner,Sarah,Unknown,5000000,0,5000000,Paid,Inactive,2025,1,January,2,Saturday
PAY02541,11/18/2025,November,STU0011,Grammar,Advanced,Sarah,Bank Transfer,5000000,0,5000000,Paid,Active,2025,4,November,47,Tuesday
PAY02542,1/1/2025,January,STU0157,English,Intermediate,David,E-Wallet,650000,25000,625000,Paid,Active,2025,1,January,1,Wednesday
PAY02543,12/9/2025,December,STU0101,TOEFL,Intermediate,John,Unknown,500000,100000,400000,Unpaid,Active,2025,4,December,50,Tuesday
PAY02544,8/30/2025,August,STU0221,English,Advanced,Sarah,Cash,5000000,50000,4950000,Paid,Inactive,2025,3,August,35,Saturday
PAY02545,4/29/2025,April,STU0274,Math,Beginner,Sarah,Bank Transfer,500000,25000,475000,Paid,Inactive,2025,2,April,18,Tuesday
PAY02546,4/24/2025,April,STU0132,English,Advanced,John,Cash,650000,50000,600000,Unpaid,Active,2025,2,April,17,Thursday
PAY02547,4/18/2025,April,STU0048,Speaking,Advanced,Sarah,Cash,700000,25000,675000,Paid,Inactive,2025,2,April,16,Friday
PAY02548,1/23/2025,January,STU0388,English,Intermediate,Linda,Unknown,700000,-50000,750000,Unpaid,Active,2025,1,January,4,Thursday
PAY02549,2/21/2025,February,STU0295,Speaking,Beginner,John,Cash,5000000,-50000,5050000,Unpaid,Active,2025,1,February,8,Friday
PAY02550,8/20/2025,August,STU0322,English,Advanced,David,Bank Transfer,500000,0,500000,Paid,Inactive,2025,3,August,34,Wednesday
PAY02551,4/30/2025,April,STU0102,IELTS,Intermediate,John,Cash,650000,25000,625000,Paid,Active,2025,2,April,18,Wednesday
PAY02552,4/26/2025,April,STU0371,TOEFL,Intermediate,David,Unknown,500000,0,500000,Paid,Active,2025,2,April,17,Saturday
PAY02553,3/20/2025,March,STU0088,Grammar,Beginner,Sarah,Bank Transfer,650000,100000,550000,Paid,Active,2025,1,March,12,Thursday
PAY02554,2/25/2025,February,STU0213,Math,Intermediate,Linda,Cash,650000,25000,625000,Paid,Active,2025,1,February,9,Tuesday
PAY02555,9/24/2025,September,STU0305,TOEFL,Intermediate,John,Bank Transfer,750000,25000,725000,Paid,Active,2025,3,September,39,Wednesday
PAY02556,5/23/2025,May,STU0376,English,Beginner,John,Bank Transfer,700000,-50000,750000,Unpaid,Active,2025,2,May,21,Friday
PAY02557,2/16/2025,February,STU0359,Math,Advanced,John,Bank Transfer,650000,0,650000,Paid,Inactive,2025,1,February,7,Sunday
PAY02558,1/28/2025,January,STU0124,English,Advanced,Unknown,E-Wallet,5000000,25000,4975000,Paid,Inactive,2025,1,January,5,Tuesday
PAY02559,10/3/2025,October,STU0133,Speaking,Intermediate,Sarah,Bank Transfer,700000,-50000,750000,Paid,Active,2025,4,October,40,Friday
PAY02560,8/7/2025,August,STU0113,Math,Advanced,Michael,E-Wallet,650000,25000,625000,Unpaid,Active,2025,3,August,32,Thursday
PAY02561,8/5/2025,August,STU0142,Grammar,Beginner,John,Unknown,700000,100000,600000,Paid,Active,2025,3,August,32,Tuesday
PAY02562,12/7/2025,December,STU0388,Math,Beginner,Linda,Bank Transfer,500000,0,500000,Paid,Active,2025,4,December,49,Sunday
PAY02563,10/3/2025,October,STU0310,English,Advanced,Michael,Bank Transfer,500000,0,500000,Unpaid,Active,2025,4,October,40,Friday
PAY02564,12/11/2025,December,STU0150,Speaking,Beginner,Sarah,E-Wallet,5000000,0,5000000,Paid,Active,2025,4,December,50,Thursday
PAY02565,5/28/2025,May,STU0423,Speaking,Advanced,Unknown,Unknown,5000000,0,5000000,Paid,Active,2025,2,May,22,Wednesday
PAY02566,7/14/2025,July,STU0014,English,Advanced,John,Cash,500000,-50000,550000,Paid,Active,2025,3,July,29,Monday
PAY02567,5/6/2025,May,STU0186,Speaking,Advanced,Michael,Bank Transfer,700000,0,700000,Unpaid,Active,2025,2,May,19,Tuesday
PAY02568,5/1/2025,May,STU0165,Grammar,Advanced,John,Bank Transfer,650000,50000,600000,Unpaid,Inactive,2025,2,May,18,Thursday
PAY02569,10/23/2025,October,STU0321,English,Beginner,John,Bank Transfer,500000,-50000,550000,Paid,Active,2025,4,October,43,Thursday
PAY02570,11/5/2025,November,STU0009,IELTS,Beginner,Sarah,Cash,5000000,50000,4950000,Unpaid,Active,2025,4,November,45,Wednesday
PAY02571,3/4/2025,March,STU0285,English,Intermediate,David,Unknown,700000,-50000,750000,Paid,Inactive,2025,1,March,10,Tuesday
PAY02572,10/8/2025,October,STU0194,TOEFL,Advanced,Sarah,Bank Transfer,750000,25000,725000,Unpaid,Inactive,2025,4,October,41,Wednesday
PAY02573,3/21/2025,March,STU0348,Speaking,Advanced,Michael,E-Wallet,650000,0,650000,Paid,Active,2025,1,March,12,Friday
PAY02574,7/28/2025,July,STU0215,IELTS,Intermediate,Sarah,Bank Transfer,650000,0,650000,Paid,Active,2025,3,July,31,Monday
PAY02575,6/8/2025,June,STU0421,English,Intermediate,John,Bank Transfer,500000,100000,400000,Unpaid,Active,2025,2,June,23,Sunday
PAY02576,5/29/2025,May,STU0370,Grammar,Intermediate,Sarah,Cash,650000,100000,550000,Paid,Active,2025,2,May,22,Thursday
PAY02577,4/9/2025,April,STU0211,Speaking,Intermediate,Sarah,E-Wallet,500000,100000,400000,Paid,Active,2025,2,April,15,Wednesday
PAY02578,4/26/2025,April,STU0257,IELTS,Intermediate,Emily,Cash,700000,25000,675000,Paid,Active,2025,2,April,17,Saturday
PAY02579,11/9/2025,November,STU0328,English,Intermediate,Linda,Bank Transfer,700000,0,700000,Paid,Inactive,2025,4,November,45,Sunday
PAY02580,7/1/2025,July,STU0453,Math,Intermediate,Linda,Unknown,5000000,50000,4950000,Paid,Active,2025,3,July,27,Tuesday
PAY02581,2/16/2025,February,STU0370,Math,Advanced,John,E-Wallet,5000000,100000,4900000,Paid,Inactive,2025,1,February,7,Sunday
PAY02582,10/31/2025,October,STU0208,Grammar,Beginner,John,Bank Transfer,650000,100000,550000,Paid,Active,2025,4,October,44,Friday
PAY02583,2/12/2025,February,STU0492,English,Advanced,Sarah,Cash,700000,100000,600000,Paid,Inactive,2025,1,February,7,Wednesday
PAY02584,4/17/2025,April,STU0399,English,Beginner,Sarah,Bank Transfer,500000,-50000,550000,Paid,Active,2025,2,April,16,Thursday
PAY02585,5/6/2025,May,STU0255,Speaking,Advanced,David,Unknown,700000,100000,600000,Paid,Active,2025,2,May,19,Tuesday
PAY02586,8/1/2025,August,STU0189,Grammar,Beginner,John,Cash,5000000,0,5000000,Unpaid,Active,2025,3,August,31,Friday
PAY02587,3/5/2025,March,STU0119,English,Advanced,John,Bank Transfer,500000,-50000,550000,Paid,Inactive,2025,1,March,10,Wednesday
PAY02588,7/28/2025,July,STU0111,IELTS,Beginner,Linda,Bank Transfer,650000,0,650000,Unpaid,Active,2025,3,July,31,Monday
PAY02589,6/22/2025,June,STU0019,Speaking,Beginner,Sarah,E-Wallet,500000,0,500000,Unpaid,Active,2025,2,June,25,Sunday
PAY02590,7/7/2025,July,STU0203,English,Intermediate,John,E-Wallet,700000,25000,675000,Paid,Active,2025,3,July,28,Monday
PAY02591,3/1/2025,March,STU0484,TOEFL,Beginner,Sarah,Bank Transfer,750000,0,750000,Unpaid,Active,2025,1,March,9,Saturday
PAY02592,7/23/2025,July,STU0234,Math,Intermediate,Linda,Cash,500000,100000,400000,Paid,Inactive,2025,3,July,30,Wednesday
PAY02593,5/11/2025,May,STU0261,IELTS,Intermediate,Unknown,Cash,700000,0,700000,Unpaid,Active,2025,2,May,19,Sunday
PAY02594,8/6/2025,August,STU0426,Speaking,Intermediate,John,Cash,5000000,25000,4975000,Paid,Active,2025,3,August,32,Wednesday
PAY02595,10/11/2025,October,STU0176,Speaking,Beginner,John,Unknown,5000000,100000,4900000,Paid,Inactive,2025,4,October,41,Saturday
PAY02596,7/28/2025,July,STU0315,Math,Beginner,Sarah,Cash,650000,25000,625000,Unpaid,Active,2025,3,July,31,Monday
PAY02597,12/20/2025,December,STU0290,Math,Intermediate,David,E-Wallet,5000000,0,5000000,Paid,Active,2025,4,December,51,Saturday
PAY02598,8/20/2025,August,STU0307,English,Advanced,Unknown,Unknown,5000000,25000,4975000,Unpaid,Active,2025,3,August,34,Wednesday
PAY02599,10/10/2025,October,STU0275,Grammar,Advanced,John,Cash,500000,-50000,550000,Paid,Inactive,2025,4,October,41,Friday
PAY02600,3/17/2025,March,STU0396,Speaking,Advanced,Unknown,Unknown,5000000,0,5000000,Paid,Inactive,2025,1,March,12,Monday
PAY02601,4/8/2025,April,STU0073,English,Intermediate,Unknown,E-Wallet,650000,25000,625000,Paid,Active,2025,2,April,15,Tuesday
PAY02602,11/15/2025,November,STU0328,Math,Intermediate,John,Cash,5000000,100000,4900000,Paid,Active,2025,4,November,46,Saturday
PAY02603,3/31/2025,March,STU0371,TOEFL,Advanced,Unknown,Bank Transfer,700000,-50000,750000,Unpaid,Active,2025,1,March,14,Monday
PAY02604,11/29/2025,November,STU0288,English,Intermediate,John,Bank Transfer,5000000,25000,4975000,Unpaid,Active,2025,4,November,48,Saturday
PAY02605,3/14/2025,March,STU0435,IELTS,Intermediate,Unknown,Unknown,700000,0,700000,Unpaid,Inactive,2025,1,March,11,Friday
PAY02606,8/11/2025,August,STU0194,Grammar,Intermediate,Sarah,Unknown,500000,-50000,550000,Paid,Active,2025,3,August,33,Monday
PAY02607,10/15/2025,October,STU0352,IELTS,Beginner,Sarah,Bank Transfer,750000,0,750000,Paid,Active,2025,4,October,42,Wednesday
PAY02608,3/3/2025,March,STU0077,TOEFL,Advanced,David,Unknown,650000,50000,600000,Paid,Active,2025,1,March,10,Monday
PAY02609,11/17/2025,November,STU0115,English,Beginner,Sarah,Bank Transfer,500000,25000,475000,Paid,Active,2025,4,November,47,Monday
PAY02610,7/19/2025,July,STU0391,English,Advanced,Linda,Cash,500000,0,500000,Paid,Inactive,2025,3,July,29,Saturday
PAY02611,11/10/2025,November,STU0193,English,Advanced,David,Cash,500000,0,500000,Unpaid,Active,2025,4,November,46,Monday
PAY02612,6/14/2025,June,STU0442,TOEFL,Advanced,John,Cash,750000,100000,650000,Unpaid,Inactive,2025,2,June,24,Saturday
PAY02613,1/26/2025,January,STU0009,English,Intermediate,John,E-Wallet,650000,0,650000,Unpaid,Active,2025,1,January,4,Sunday
PAY02614,3/25/2025,March,STU0391,English,Advanced,Michael,E-Wallet,750000,25000,725000,Paid,Active,2025,1,March,13,Tuesday
PAY02615,1/10/2025,January,STU0243,English,Beginner,Michael,E-Wallet,750000,0,750000,Paid,Active,2025,1,January,2,Friday
PAY02616,5/15/2025,May,STU0135,Math,Beginner,Linda,Bank Transfer,750000,-50000,800000,Unpaid,Inactive,2025,2,May,20,Thursday
PAY02617,2/15/2025,February,STU0088,TOEFL,Intermediate,John,Cash,700000,50000,650000,Unpaid,Active,2025,1,February,7,Saturday
PAY02618,8/26/2025,August,STU0041,IELTS,Beginner,John,Cash,650000,25000,625000,Paid,Active,2025,3,August,35,Tuesday
PAY02619,5/2/2025,May,STU0294,Grammar,Intermediate,Sarah,Bank Transfer,650000,100000,550000,Paid,Active,2025,2,May,18,Friday
PAY02620,2/8/2025,February,STU0372,IELTS,Advanced,Emily,Cash,700000,50000,650000,Paid,Active,2025,1,February,6,Saturday
PAY02621,5/31/2025,May,STU0028,TOEFL,Intermediate,Linda,Cash,500000,100000,400000,Unpaid,Active,2025,2,May,22,Saturday
PAY02622,7/23/2025,July,STU0464,English,Advanced,John,Cash,5000000,0,5000000,Paid,Inactive,2025,3,July,30,Wednesday
PAY02623,4/6/2025,April,STU0450,English,Advanced,Sarah,Unknown,500000,25000,475000,Paid,Active,2025,2,April,14,Sunday
PAY02624,11/18/2025,November,STU0215,IELTS,Advanced,Sarah,Bank Transfer,700000,-50000,750000,Paid,Active,2025,4,November,47,Tuesday
PAY02625,12/18/2025,December,STU0119,TOEFL,Beginner,Sarah,Bank Transfer,650000,100000,550000,Paid,Active,2025,4,December,51,Thursday
PAY02626,7/29/2025,July,STU0231,English,Intermediate,Unknown,E-Wallet,700000,25000,675000,Paid,Active,2025,3,July,31,Tuesday
PAY02627,7/26/2025,July,STU0207,English,Beginner,John,E-Wallet,750000,100000,650000,Paid,Active,2025,3,July,30,Saturday
PAY02628,7/6/2025,July,STU0338,IELTS,Beginner,Linda,Cash,750000,-50000,800000,Unpaid,Active,2025,3,July,27,Sunday
PAY02629,12/12/2025,December,STU0338,Grammar,Beginner,Emily,E-Wallet,500000,100000,400000,Unpaid,Active,2025,4,December,50,Friday
PAY02630,12/18/2025,December,STU0038,IELTS,Beginner,Unknown,Bank Transfer,750000,-50000,800000,Unpaid,Active,2025,4,December,51,Thursday
PAY02631,8/22/2025,August,STU0350,Speaking,Beginner,John,E-Wallet,5000000,-50000,5050000,Paid,Active,2025,3,August,34,Friday
PAY02632,10/7/2025,October,STU0020,Grammar,Beginner,Unknown,Cash,650000,25000,625000,Paid,Inactive,2025,4,October,41,Tuesday
PAY02633,12/6/2025,December,STU0260,Speaking,Advanced,Michael,Bank Transfer,5000000,0,5000000,Paid,Active,2025,4,December,49,Saturday
PAY02634,11/9/2025,November,STU0321,English,Beginner,John,Cash,500000,50000,450000,Unpaid,Inactive,2025,4,November,45,Sunday
PAY02635,5/1/2025,May,STU0277,IELTS,Beginner,Unknown,Bank Transfer,750000,100000,650000,Unpaid,Active,2025,2,May,18,Thursday
PAY02636,2/9/2025,February,STU0253,English,Advanced,Michael,Unknown,750000,100000,650000,Paid,Active,2025,1,February,6,Sunday
PAY02637,9/16/2025,September,STU0296,TOEFL,Intermediate,John,Unknown,650000,25000,625000,Paid,Active,2025,3,September,38,Tuesday
PAY02638,12/15/2025,December,STU0321,TOEFL,Intermediate,John,Cash,750000,0,750000,Unpaid,Active,2025,4,December,51,Monday
PAY02639,12/6/2025,December,STU0170,English,Advanced,John,Cash,750000,100000,650000,Paid,Active,2025,4,December,49,Saturday
PAY02640,3/27/2025,March,STU0176,Grammar,Intermediate,David,Bank Transfer,5000000,25000,4975000,Paid,Active,2025,1,March,13,Thursday
PAY02641,8/24/2025,August,STU0418,Speaking,Beginner,Linda,Cash,650000,25000,625000,Paid,Active,2025,3,August,34,Sunday
PAY02642,7/20/2025,July,STU0473,Math,Intermediate,John,Bank Transfer,650000,-50000,700000,Unpaid,Active,2025,3,July,29,Sunday
PAY02643,12/17/2025,December,STU0370,English,Beginner,Emily,Bank Transfer,650000,-50000,700000,Paid,Inactive,2025,4,December,51,Wednesday
PAY02644,7/26/2025,July,STU0401,Grammar,Beginner,Linda,Unknown,650000,50000,600000,Paid,Active,2025,3,July,30,Saturday
PAY02645,10/14/2025,October,STU0331,English,Advanced,David,Bank Transfer,700000,50000,650000,Paid,Active,2025,4,October,42,Tuesday
PAY02646,1/9/2025,January,STU0134,TOEFL,Beginner,Linda,Bank Transfer,750000,0,750000,Paid,Active,2025,1,January,2,Thursday
PAY02647,12/12/2025,December,STU0085,English,Beginner,Sarah,Unknown,500000,100000,400000,Paid,Active,2025,4,December,50,Friday
PAY02648,10/25/2025,October,STU0187,TOEFL,Intermediate,David,Cash,700000,0,700000,Unpaid,Active,2025,4,October,43,Saturday
PAY02649,8/21/2025,August,STU0111,IELTS,Intermediate,Unknown,Bank Transfer,700000,50000,650000,Unpaid,Active,2025,3,August,34,Thursday
PAY02650,9/26/2025,September,STU0163,English,Beginner,Unknown,Bank Transfer,650000,100000,550000,Paid,Active,2025,3,September,39,Friday
PAY02651,5/26/2025,May,STU0197,Math,Advanced,Unknown,E-Wallet,500000,50000,450000,Unpaid,Active,2025,2,May,22,Monday
PAY02652,11/6/2025,November,STU0067,TOEFL,Advanced,Sarah,E-Wallet,750000,0,750000,Unpaid,Active,2025,4,November,45,Thursday
PAY02653,3/25/2025,March,STU0415,English,Intermediate,John,Bank Transfer,700000,-50000,750000,Paid,Active,2025,1,March,13,Tuesday
PAY02654,8/19/2025,August,STU0071,English,Advanced,Emily,E-Wallet,700000,50000,650000,Unpaid,Active,2025,3,August,34,Tuesday
PAY02655,10/5/2025,October,STU0408,Grammar,Advanced,Unknown,Bank Transfer,5000000,100000,4900000,Paid,Inactive,2025,4,October,40,Sunday
PAY02656,6/5/2025,June,STU0171,English,Beginner,John,Cash,500000,0,500000,Paid,Inactive,2025,2,June,23,Thursday
PAY02657,6/7/2025,June,STU0119,Math,Beginner,Michael,Cash,650000,-50000,700000,Paid,Active,2025,2,June,23,Saturday
PAY02658,6/12/2025,June,STU0247,English,Advanced,Linda,Cash,650000,0,650000,Paid,Active,2025,2,June,24,Thursday
PAY02659,10/12/2025,October,STU0436,English,Intermediate,Unknown,E-Wallet,500000,50000,450000,Paid,Active,2025,4,October,41,Sunday
PAY02660,3/15/2025,March,STU0327,English,Advanced,David,Cash,650000,100000,550000,Unpaid,Inactive,2025,1,March,11,Saturday
PAY02661,1/4/2025,January,STU0361,IELTS,Intermediate,David,Bank Transfer,700000,-50000,750000,Paid,Inactive,2025,1,January,1,Saturday
PAY02662,3/30/2025,March,STU0065,TOEFL,Advanced,Michael,Unknown,650000,25000,625000,Paid,Active,2025,1,March,13,Sunday
PAY02663,11/17/2025,November,STU0379,English,Beginner,Sarah,Bank Transfer,5000000,0,5000000,Unpaid,Active,2025,4,November,47,Monday
PAY02664,9/8/2025,September,STU0177,English,Advanced,Michael,Unknown,650000,0,650000,Unpaid,Active,2025,3,September,37,Monday
PAY02665,9/23/2025,September,STU0461,Grammar,Intermediate,John,Bank Transfer,750000,25000,725000,Unpaid,Active,2025,3,September,39,Tuesday
PAY02666,10/15/2025,October,STU0442,English,Intermediate,Michael,E-Wallet,750000,25000,725000,Paid,Active,2025,4,October,42,Wednesday
PAY02667,7/15/2025,July,STU0445,IELTS,Advanced,John,Cash,500000,100000,400000,Paid,Active,2025,3,July,29,Tuesday
PAY02668,3/31/2025,March,STU0227,TOEFL,Advanced,Unknown,Bank Transfer,750000,0,750000,Paid,Active,2025,1,March,14,Monday
PAY02669,4/4/2025,April,STU0466,TOEFL,Advanced,John,Bank Transfer,650000,-50000,700000,Paid,Active,2025,2,April,14,Friday
PAY02670,6/17/2025,June,STU0074,TOEFL,Beginner,Emily,Cash,700000,25000,675000,Unpaid,Inactive,2025,2,June,25,Tuesday
PAY02671,10/23/2025,October,STU0137,English,Beginner,John,Cash,700000,-50000,750000,Paid,Active,2025,4,October,43,Thursday
PAY02672,9/10/2025,September,STU0483,English,Advanced,Emily,Bank Transfer,650000,100000,550000,Unpaid,Active,2025,3,September,37,Wednesday
PAY02673,11/9/2025,November,STU0435,English,Beginner,Michael,E-Wallet,650000,100000,550000,Paid,Active,2025,4,November,45,Sunday
PAY02674,2/5/2025,February,STU0462,English,Advanced,John,Cash,500000,50000,450000,Paid,Inactive,2025,1,February,6,Wednesday
PAY02675,9/9/2025,September,STU0485,TOEFL,Beginner,Michael,Cash,650000,-50000,700000,Paid,Active,2025,3,September,37,Tuesday
PAY02676,3/10/2025,March,STU0442,English,Advanced,Linda,Bank Transfer,750000,0,750000,Paid,Active,2025,1,March,11,Monday
PAY02677,5/16/2025,May,STU0266,English,Intermediate,Linda,Cash,5000000,0,5000000,Paid,Active,2025,2,May,20,Friday
PAY02678,12/8/2025,December,STU0202,English,Beginner,Linda,Cash,650000,25000,625000,Unpaid,Active,2025,4,December,50,Monday
PAY02679,5/1/2025,May,STU0294,Grammar,Beginner,John,Cash,500000,-50000,550000,Unpaid,Inactive,2025,2,May,18,Thursday
PAY02680,4/18/2025,April,STU0086,Grammar,Advanced,John,Cash,500000,25000,475000,Unpaid,Inactive,2025,2,April,16,Friday
PAY02681,9/2/2025,September,STU0422,TOEFL,Beginner,Unknown,Bank Transfer,5000000,25000,4975000,Unpaid,Active,2025,3,September,36,Tuesday
PAY02682,4/18/2025,April,STU0075,English,Beginner,Michael,Cash,500000,-50000,550000,Paid,Active,2025,2,April,16,Friday
PAY02683,4/17/2025,April,STU0492,English,Intermediate,John,Unknown,500000,0,500000,Paid,Inactive,2025,2,April,16,Thursday
PAY02684,1/28/2025,January,STU0060,Math,Intermediate,John,Cash,5000000,0,5000000,Paid,Inactive,2025,1,January,5,Tuesday
PAY02685,1/22/2025,January,STU0070,Grammar,Advanced,Sarah,Unknown,5000000,0,5000000,Unpaid,Inactive,2025,1,January,4,Wednesday
PAY02686,4/12/2025,April,STU0221,English,Intermediate,Linda,E-Wallet,500000,50000,450000,Paid,Inactive,2025,2,April,15,Saturday
PAY02687,8/22/2025,August,STU0402,Speaking,Beginner,Sarah,Cash,5000000,0,5000000,Unpaid,Active,2025,3,August,34,Friday
PAY02688,10/13/2025,October,STU0441,English,Advanced,Emily,Bank Transfer,5000000,25000,4975000,Paid,Active,2025,4,October,42,Monday
PAY02689,7/12/2025,July,STU0434,Grammar,Intermediate,John,Unknown,500000,-50000,550000,Paid,Active,2025,3,July,28,Saturday
PAY02690,4/20/2025,April,STU0422,English,Beginner,Linda,Bank Transfer,650000,0,650000,Paid,Inactive,2025,2,April,16,Sunday
PAY02691,5/22/2025,May,STU0277,Grammar,Intermediate,David,Unknown,750000,50000,700000,Paid,Inactive,2025,2,May,21,Thursday
PAY02692,1/14/2025,January,STU0014,IELTS,Intermediate,John,Bank Transfer,500000,0,500000,Paid,Active,2025,1,January,3,Tuesday
PAY02693,11/11/2025,November,STU0143,English,Beginner,Unknown,E-Wallet,750000,25000,725000,Paid,Active,2025,4,November,46,Tuesday
PAY02694,2/13/2025,February,STU0117,IELTS,Beginner,David,E-Wallet,750000,-50000,800000,Paid,Active,2025,1,February,7,Thursday
PAY02695,6/25/2025,June,STU0351,English,Beginner,David,Cash,700000,25000,675000,Paid,Active,2025,2,June,26,Wednesday
PAY02696,3/5/2025,March,STU0208,English,Advanced,John,Bank Transfer,5000000,50000,4950000,Unpaid,Active,2025,1,March,10,Wednesday
PAY02697,11/15/2025,November,STU0399,Grammar,Intermediate,David,Bank Transfer,700000,100000,600000,Paid,Inactive,2025,4,November,46,Saturday
PAY02698,5/9/2025,May,STU0129,English,Intermediate,John,Cash,500000,25000,475000,Paid,Active,2025,2,May,19,Friday
PAY02699,3/2/2025,March,STU0467,English,Advanced,Linda,Cash,500000,25000,475000,Unpaid,Active,2025,1,March,9,Sunday
PAY02700,5/22/2025,May,STU0022,English,Advanced,Sarah,Unknown,750000,25000,725000,Paid,Active,2025,2,May,21,Thursday
PAY02701,8/18/2025,August,STU0369,Math,Intermediate,John,Bank Transfer,650000,-50000,700000,Paid,Inactive,2025,3,August,34,Monday
PAY02702,9/18/2025,September,STU0028,English,Advanced,Linda,Bank Transfer,750000,100000,650000,Paid,Active,2025,3,September,38,Thursday
PAY02703,5/28/2025,May,STU0103,English,Beginner,Sarah,Cash,5000000,50000,4950000,Paid,Active,2025,2,May,22,Wednesday
PAY02704,1/9/2025,January,STU0271,Grammar,Intermediate,John,Cash,650000,50000,600000,Unpaid,Active,2025,1,January,2,Thursday
PAY02705,9/12/2025,September,STU0171,TOEFL,Advanced,Linda,E-Wallet,650000,0,650000,Unpaid,Inactive,2025,3,September,37,Friday
PAY02706,8/14/2025,August,STU0077,Math,Intermediate,Unknown,Cash,750000,100000,650000,Paid,Inactive,2025,3,August,33,Thursday
PAY02707,3/12/2025,March,STU0137,English,Intermediate,John,Cash,500000,0,500000,Unpaid,Active,2025,1,March,11,Wednesday
PAY02708,11/17/2025,November,STU0302,English,Advanced,John,Cash,500000,0,500000,Unpaid,Active,2025,4,November,47,Monday
PAY02709,1/11/2025,January,STU0483,Math,Advanced,Unknown,Unknown,5000000,25000,4975000,Paid,Active,2025,1,January,2,Saturday
PAY02710,10/21/2025,October,STU0363,Math,Intermediate,Michael,Cash,700000,25000,675000,Unpaid,Active,2025,4,October,43,Tuesday
PAY02711,10/29/2025,October,STU0203,English,Advanced,Linda,Cash,5000000,100000,4900000,Paid,Inactive,2025,4,October,44,Wednesday
PAY02712,8/26/2025,August,STU0285,Speaking,Beginner,John,Bank Transfer,500000,100000,400000,Paid,Inactive,2025,3,August,35,Tuesday
PAY02713,4/21/2025,April,STU0293,Speaking,Beginner,Linda,Unknown,700000,0,700000,Paid,Active,2025,2,April,17,Monday
PAY02714,8/12/2025,August,STU0264,Speaking,Advanced,Unknown,Cash,650000,0,650000,Paid,Active,2025,3,August,33,Tuesday
PAY02715,1/8/2025,January,STU0435,IELTS,Beginner,Linda,Bank Transfer,700000,25000,675000,Paid,Active,2025,1,January,2,Wednesday
PAY02716,10/4/2025,October,STU0431,IELTS,Advanced,John,Cash,500000,0,500000,Paid,Active,2025,4,October,40,Saturday
PAY02717,2/18/2025,February,STU0385,English,Beginner,Sarah,Cash,650000,50000,600000,Unpaid,Active,2025,1,February,8,Tuesday
PAY02718,10/3/2025,October,STU0436,Math,Advanced,John,Bank Transfer,5000000,0,5000000,Unpaid,Inactive,2025,4,October,40,Friday
PAY02719,3/24/2025,March,STU0378,TOEFL,Advanced,John,E-Wallet,750000,50000,700000,Unpaid,Active,2025,1,March,13,Monday
PAY02720,1/6/2025,January,STU0024,English,Intermediate,Emily,Bank Transfer,500000,0,500000,Paid,Active,2025,1,January,2,Monday
PAY02721,4/3/2025,April,STU0305,English,Beginner,Sarah,Bank Transfer,750000,-50000,800000,Paid,Active,2025,2,April,14,Thursday
PAY02722,12/12/2025,December,STU0287,IELTS,Intermediate,John,E-Wallet,650000,-50000,700000,Paid,Active,2025,4,December,50,Friday
PAY02723,12/7/2025,December,STU0118,Math,Intermediate,Sarah,Unknown,700000,0,700000,Paid,Active,2025,4,December,49,Sunday
PAY02724,2/27/2025,February,STU0283,TOEFL,Beginner,John,Bank Transfer,750000,0,750000,Paid,Inactive,2025,1,February,9,Thursday
PAY02725,6/20/2025,June,STU0236,English,Beginner,David,Cash,700000,0,700000,Paid,Active,2025,2,June,25,Friday
PAY02726,12/26/2025,December,STU0128,Speaking,Advanced,John,Cash,5000000,100000,4900000,Unpaid,Active,2025,4,December,52,Friday
PAY02727,9/19/2025,September,STU0079,Grammar,Beginner,John,Bank Transfer,650000,0,650000,Paid,Active,2025,3,September,38,Friday
PAY02728,10/24/2025,October,STU0065,English,Advanced,Unknown,Unknown,750000,50000,700000,Paid,Active,2025,4,October,43,Friday
PAY02729,10/1/2025,October,STU0315,English,Intermediate,Michael,Bank Transfer,5000000,0,5000000,Unpaid,Active,2025,4,October,40,Wednesday
PAY02730,3/19/2025,March,STU0012,Math,Beginner,David,Cash,5000000,-50000,5050000,Paid,Active,2025,1,March,12,Wednesday
PAY02731,10/28/2025,October,STU0308,IELTS,Beginner,John,Cash,700000,0,700000,Paid,Inactive,2025,4,October,44,Tuesday
PAY02732,9/1/2025,September,STU0128,English,Intermediate,Emily,E-Wallet,500000,50000,450000,Paid,Active,2025,3,September,36,Monday
PAY02733,7/25/2025,July,STU0490,Speaking,Intermediate,John,Bank Transfer,500000,25000,475000,Unpaid,Active,2025,3,July,30,Friday
PAY02734,11/12/2025,November,STU0447,TOEFL,Advanced,David,Bank Transfer,750000,50000,700000,Paid,Active,2025,4,November,46,Wednesday
PAY02735,7/25/2025,July,STU0467,Math,Advanced,Michael,Cash,750000,0,750000,Unpaid,Active,2025,3,July,30,Friday
PAY02736,10/7/2025,October,STU0075,Math,Intermediate,Sarah,Bank Transfer,750000,100000,650000,Unpaid,Active,2025,4,October,41,Tuesday
PAY02737,9/22/2025,September,STU0471,English,Advanced,John,Bank Transfer,650000,50000,600000,Paid,Active,2025,3,September,39,Monday
PAY02738,11/12/2025,November,STU0282,English,Intermediate,Sarah,Bank Transfer,5000000,100000,4900000,Paid,Active,2025,4,November,46,Wednesday
PAY02739,12/19/2025,December,STU0161,English,Beginner,Sarah,E-Wallet,700000,50000,650000,Paid,Inactive,2025,4,December,51,Friday
PAY02740,1/30/2025,January,STU0196,English,Intermediate,Sarah,Cash,700000,25000,675000,Unpaid,Active,2025,1,January,5,Thursday
PAY02741,8/5/2025,August,STU0395,English,Beginner,John,Bank Transfer,650000,-50000,700000,Paid,Active,2025,3,August,32,Tuesday
PAY02742,12/30/2025,December,STU0168,Grammar,Advanced,John,Bank Transfer,500000,-50000,550000,Unpaid,Active,2025,4,December,1,Tuesday
PAY02743,1/26/2025,January,STU0155,IELTS,Intermediate,Sarah,E-Wallet,5000000,0,5000000,Unpaid,Inactive,2025,1,January,4,Sunday
PAY02744,1/25/2025,January,STU0141,English,Intermediate,John,Bank Transfer,750000,100000,650000,Paid,Active,2025,1,January,4,Saturday
PAY02745,8/12/2025,August,STU0477,Speaking,Intermediate,John,Unknown,650000,0,650000,Unpaid,Active,2025,3,August,33,Tuesday
PAY02746,8/15/2025,August,STU0401,Speaking,Intermediate,Linda,Bank Transfer,5000000,0,5000000,Paid,Active,2025,3,August,33,Friday
PAY02747,8/6/2025,August,STU0208,English,Beginner,Michael,Unknown,650000,50000,600000,Unpaid,Active,2025,3,August,32,Wednesday
PAY02748,12/25/2025,December,STU0172,Grammar,Beginner,John,Cash,500000,0,500000,Paid,Active,2025,4,December,52,Thursday
PAY02749,3/24/2025,March,STU0093,English,Intermediate,John,Cash,500000,25000,475000,Paid,Active,2025,1,March,13,Monday
PAY02750,6/9/2025,June,STU0200,English,Beginner,Sarah,Bank Transfer,650000,50000,600000,Unpaid,Active,2025,2,June,24,Monday
PAY02751,2/17/2025,February,STU0265,English,Beginner,John,Unknown,5000000,50000,4950000,Paid,Active,2025,1,February,8,Monday
PAY02752,2/25/2025,February,STU0247,English,Advanced,Michael,Bank Transfer,5000000,-50000,5050000,Paid,Inactive,2025,1,February,9,Tuesday
PAY02753,10/23/2025,October,STU0140,English,Beginner,John,Unknown,750000,0,750000,Unpaid,Inactive,2025,4,October,43,Thursday
PAY02754,11/23/2025,November,STU0471,IELTS,Beginner,Linda,E-Wallet,500000,25000,475000,Unpaid,Inactive,2025,4,November,47,Sunday
PAY02755,9/3/2025,September,STU0302,English,Advanced,John,Bank Transfer,650000,100000,550000,Paid,Active,2025,3,September,36,Wednesday
PAY02756,11/22/2025,November,STU0090,Speaking,Beginner,Sarah,Cash,700000,50000,650000,Paid,Inactive,2025,4,November,47,Saturday
PAY02757,9/15/2025,September,STU0487,Speaking,Beginner,John,Cash,700000,50000,650000,Unpaid,Active,2025,3,September,38,Monday
PAY02758,6/6/2025,June,STU0379,IELTS,Beginner,Sarah,Cash,700000,0,700000,Paid,Inactive,2025,2,June,23,Friday
PAY02759,3/20/2025,March,STU0378,English,Advanced,Unknown,Cash,700000,-50000,750000,Paid,Active,2025,1,March,12,Thursday
PAY02760,8/13/2025,August,STU0331,IELTS,Intermediate,Michael,Cash,650000,25000,625000,Paid,Active,2025,3,August,33,Wednesday
PAY02761,12/17/2025,December,STU0007,English,Beginner,Unknown,Unknown,500000,100000,400000,Unpaid,Inactive,2025,4,December,51,Wednesday
PAY02762,1/22/2025,January,STU0017,English,Advanced,Linda,Bank Transfer,700000,0,700000,Paid,Inactive,2025,1,January,4,Wednesday
PAY02763,5/17/2025,May,STU0007,English,Advanced,Sarah,E-Wallet,700000,25000,675000,Paid,Active,2025,2,May,20,Saturday
PAY02764,8/14/2025,August,STU0035,English,Intermediate,Michael,Bank Transfer,5000000,50000,4950000,Unpaid,Active,2025,3,August,33,Thursday
PAY02765,12/10/2025,December,STU0423,TOEFL,Advanced,Emily,Cash,700000,50000,650000,Paid,Active,2025,4,December,50,Wednesday
PAY02766,11/5/2025,November,STU0055,English,Advanced,Emily,Bank Transfer,750000,0,750000,Paid,Active,2025,4,November,45,Wednesday
PAY02767,3/17/2025,March,STU0448,English,Advanced,Unknown,E-Wallet,5000000,-50000,5050000,Unpaid,Inactive,2025,1,March,12,Monday
PAY02768,12/20/2025,December,STU0360,IELTS,Intermediate,Sarah,Bank Transfer,700000,50000,650000,Unpaid,Inactive,2025,4,December,51,Saturday
PAY02769,5/10/2025,May,STU0442,English,Advanced,David,Bank Transfer,650000,0,650000,Unpaid,Inactive,2025,2,May,19,Saturday
PAY02770,4/15/2025,April,STU0121,TOEFL,Advanced,Sarah,Bank Transfer,5000000,100000,4900000,Paid,Active,2025,2,April,16,Tuesday
PAY02771,1/16/2025,January,STU0089,English,Advanced,Unknown,E-Wallet,650000,-50000,700000,Paid,Inactive,2025,1,January,3,Thursday
PAY02772,3/16/2025,March,STU0118,IELTS,Beginner,John,Cash,500000,0,-500000,Paid,Active,2025,1,March,11,Sunday
PAY02773,8/25/2025,August,STU0016,English,Advanced,John,Cash,750000,0,750000,Paid,Active,2025,3,August,35,Monday
PAY02774,6/1/2025,June,STU0148,English,Advanced,Linda,E-Wallet,700000,100000,600000,Unpaid,Active,2025,2,June,22,Sunday
PAY02775,11/29/2025,November,STU0025,English,Intermediate,John,Unknown,500000,-50000,550000,Paid,Inactive,2025,4,November,48,Saturday
PAY02776,4/10/2025,April,STU0302,Grammar,Advanced,Sarah,Cash,700000,100000,600000,Paid,Inactive,2025,2,April,15,Thursday
PAY02777,1/9/2025,January,STU0419,Speaking,Intermediate,Unknown,Bank Transfer,750000,25000,-725000,Unpaid,Active,2025,1,January,2,Thursday
PAY02778,6/19/2025,June,STU0460,English,Intermediate,David,Cash,500000,100000,400000,Paid,Active,2025,2,June,25,Thursday
PAY02779,11/28/2025,November,STU0363,Math,Advanced,Linda,Bank Transfer,700000,50000,650000,Paid,Active,2025,4,November,48,Friday
PAY02780,10/5/2025,October,STU0473,Speaking,Advanced,John,Cash,500000,100000,400000,Paid,Active,2025,4,October,40,Sunday
PAY02781,7/8/2025,July,STU0151,IELTS,Intermediate,Sarah,Cash,750000,100000,650000,Paid,Active,2025,3,July,28,Tuesday
PAY02782,3/23/2025,March,STU0271,TOEFL,Advanced,John,E-Wallet,5000000,100000,4900000,Paid,Active,2025,1,March,12,Sunday
PAY02783,8/30/2025,August,STU0190,English,Beginner,Emily,Bank Transfer,5000000,0,5000000,Paid,Active,2025,3,August,35,Saturday
PAY02784,7/13/2025,July,STU0483,Math,Beginner,John,Cash,5000000,25000,4975000,Unpaid,Active,2025,3,July,28,Sunday
PAY02785,11/20/2025,November,STU0041,English,Advanced,Emily,Bank Transfer,750000,0,750000,Paid,Active,2025,4,November,47,Thursday
PAY02786,7/4/2025,July,STU0061,English,Intermediate,John,Bank Transfer,5000000,50000,4950000,Paid,Active,2025,3,July,27,Friday
PAY02787,12/10/2025,December,STU0095,Math,Beginner,Sarah,Cash,750000,50000,700000,Paid,Inactive,2025,4,December,50,Wednesday
PAY02788,5/24/2025,May,STU0482,IELTS,Intermediate,David,Bank Transfer,5000000,0,5000000,Paid,Inactive,2025,2,May,21,Saturday
PAY02789,11/5/2025,November,STU0231,English,Advanced,David,Cash,700000,-50000,750000,Paid,Active,2025,4,November,45,Wednesday
PAY02790,5/17/2025,May,STU0151,Grammar,Intermediate,John,Bank Transfer,500000,-50000,550000,Unpaid,Inactive,2025,2,May,20,Saturday
PAY02791,1/2/2025,January,STU0001,English,Advanced,John,Cash,650000,50000,600000,Paid,Active,2025,1,January,1,Thursday
PAY02792,4/23/2025,April,STU0236,IELTS,Beginner,Michael,Bank Transfer,750000,50000,700000,Unpaid,Inactive,2025,2,April,17,Wednesday
PAY02793,9/15/2025,September,STU0370,Speaking,Beginner,John,Cash,5000000,-50000,5050000,Unpaid,Inactive,2025,3,September,38,Monday
PAY02794,3/24/2025,March,STU0215,Math,Intermediate,Sarah,Unknown,750000,25000,725000,Unpaid,Active,2025,1,March,13,Monday
PAY02795,9/4/2025,September,STU0329,English,Beginner,Sarah,E-Wallet,500000,50000,450000,Unpaid,Active,2025,3,September,36,Thursday
PAY02796,11/9/2025,November,STU0337,Math,Intermediate,Michael,Bank Transfer,750000,0,750000,Paid,Active,2025,4,November,45,Sunday
PAY02797,7/5/2025,July,STU0070,TOEFL,Beginner,John,Bank Transfer,750000,0,750000,Paid,Active,2025,3,July,27,Saturday
PAY02798,10/31/2025,October,STU0132,Math,Advanced,Unknown,Unknown,500000,0,500000,Unpaid,Active,2025,4,October,44,Friday
PAY02799,12/24/2025,December,STU0291,English,Intermediate,Unknown,E-Wallet,650000,0,650000,Paid,Inactive,2025,4,December,52,Wednesday
PAY02800,7/31/2025,July,STU0490,English,Beginner,John,Unknown,650000,-50000,700000,Paid,Active,2025,3,July,31,Thursday
PAY02801,11/16/2025,November,STU0416,Math,Beginner,Sarah,Cash,750000,25000,725000,Unpaid,Active,2025,4,November,46,Sunday
PAY02802,1/24/2025,January,STU0207,TOEFL,Advanced,Michael,Cash,700000,-50000,750000,Unpaid,Active,2025,1,January,4,Friday
PAY02803,4/20/2025,April,STU0452,TOEFL,Intermediate,Michael,Bank Transfer,750000,50000,700000,Paid,Active,2025,2,April,16,Sunday
PAY02804,7/27/2025,July,STU0220,English,Beginner,Unknown,E-Wallet,5000000,100000,4900000,Paid,Active,2025,3,July,30,Sunday
PAY02805,6/3/2025,June,STU0163,TOEFL,Intermediate,David,Bank Transfer,5000000,50000,4950000,Paid,Active,2025,2,June,23,Tuesday
PAY02806,6/19/2025,June,STU0475,Speaking,Advanced,John,Bank Transfer,500000,100000,400000,Unpaid,Active,2025,2,June,25,Thursday
PAY02807,11/14/2025,November,STU0204,IELTS,Beginner,Unknown,Bank Transfer,700000,0,700000,Paid,Active,2025,4,November,46,Friday
PAY02808,11/1/2025,November,STU0167,Math,Beginner,John,Cash,5000000,50000,4950000,Paid,Active,2025,4,November,44,Saturday
PAY02809,1/15/2025,January,STU0052,English,Advanced,John,Cash,650000,0,650000,Paid,Active,2025,1,January,3,Wednesday
PAY02810,3/14/2025,March,STU0350,English,Beginner,Michael,Bank Transfer,700000,0,700000,Paid,Active,2025,1,March,11,Friday
PAY02811,7/27/2025,July,STU0478,Speaking,Advanced,Sarah,Cash,650000,50000,600000,Paid,Active,2025,3,July,30,Sunday
PAY02812,2/12/2025,February,STU0402,Grammar,Beginner,John,Bank Transfer,650000,100000,550000,Unpaid,Active,2025,1,February,7,Wednesday
PAY02813,2/10/2025,February,STU0369,IELTS,Intermediate,Unknown,Bank Transfer,500000,50000,450000,Unpaid,Active,2025,1,February,7,Monday
PAY02814,1/17/2025,January,STU0253,Math,Intermediate,Linda,Unknown,700000,0,700000,Paid,Active,2025,1,January,3,Friday
PAY02815,11/1/2025,November,STU0346,Grammar,Advanced,John,Bank Transfer,700000,0,700000,Paid,Active,2025,4,November,44,Saturday
PAY02816,1/25/2025,January,STU0319,TOEFL,Intermediate,John,Bank Transfer,750000,50000,700000,Paid,Active,2025,1,January,4,Saturday
PAY02817,1/2/2025,January,STU0450,TOEFL,Intermediate,John,E-Wallet,700000,25000,675000,Paid,Active,2025,1,January,1,Thursday
PAY02818,2/2/2025,February,STU0466,Math,Beginner,Emily,E-Wallet,5000000,50000,4950000,Paid,Inactive,2025,1,February,5,Sunday
PAY02819,10/7/2025,October,STU0352,Grammar,Beginner,John,Bank Transfer,700000,25000,675000,Unpaid,Active,2025,4,October,41,Tuesday
PAY02820,1/18/2025,January,STU0296,English,Advanced,John,Bank Transfer,750000,100000,650000,Paid,Active,2025,1,January,3,Saturday
PAY02821,10/8/2025,October,STU0225,English,Intermediate,John,Unknown,500000,-50000,550000,Paid,Inactive,2025,4,October,41,Wednesday
PAY02822,9/3/2025,September,STU0112,TOEFL,Advanced,David,Bank Transfer,650000,0,650000,Paid,Active,2025,3,September,36,Wednesday
PAY02823,4/26/2025,April,STU0194,IELTS,Intermediate,Emily,Cash,500000,100000,400000,Paid,Inactive,2025,2,April,17,Saturday
PAY02824,11/21/2025,November,STU0195,Grammar,Intermediate,Michael,Bank Transfer,500000,0,500000,Paid,Active,2025,4,November,47,Friday
PAY02825,2/24/2025,February,STU0032,IELTS,Advanced,Unknown,Cash,5000000,50000,4950000,Paid,Inactive,2025,1,February,9,Monday
PAY02826,4/24/2025,April,STU0378,English,Advanced,John,Cash,700000,0,700000,Unpaid,Active,2025,2,April,17,Thursday
PAY02827,7/2/2025,July,STU0277,English,Advanced,David,Bank Transfer,500000,0,500000,Paid,Inactive,2025,3,July,27,Wednesday
PAY02828,3/1/2025,March,STU0407,IELTS,Advanced,John,Bank Transfer,750000,100000,650000,Paid,Active,2025,1,March,9,Saturday
PAY02829,8/22/2025,August,STU0279,English,Intermediate,Unknown,Unknown,5000000,-50000,5050000,Paid,Active,2025,3,August,34,Friday
PAY02830,3/29/2025,March,STU0119,TOEFL,Intermediate,Michael,Unknown,700000,25000,675000,Paid,Inactive,2025,1,March,13,Saturday
PAY02831,8/23/2025,August,STU0131,English,Intermediate,John,Cash,700000,-50000,750000,Paid,Inactive,2025,3,August,34,Saturday
PAY02832,1/1/2025,January,STU0432,IELTS,Beginner,Sarah,Cash,500000,0,500000,Paid,Inactive,2025,1,January,1,Wednesday
PAY02833,8/9/2025,August,STU0372,IELTS,Beginner,Emily,E-Wallet,500000,0,500000,Paid,Active,2025,3,August,32,Saturday
PAY02834,1/3/2025,January,STU0396,Math,Advanced,John,Bank Transfer,5000000,0,5000000,Paid,Active,2025,1,January,1,Friday
PAY02835,6/20/2025,June,STU0238,English,Beginner,Sarah,Bank Transfer,5000000,50000,4950000,Paid,Active,2025,2,June,25,Friday
PAY02836,12/29/2025,December,STU0392,TOEFL,Beginner,Sarah,Bank Transfer,700000,25000,675000,Paid,Inactive,2025,4,December,1,Monday
PAY02837,9/18/2025,September,STU0493,Speaking,Beginner,Sarah,E-Wallet,650000,-50000,700000,Paid,Inactive,2025,3,September,38,Thursday
PAY02838,9/2/2025,September,STU0110,Speaking,Advanced,Michael,Cash,500000,0,500000,Paid,Inactive,2025,3,September,36,Tuesday
PAY02839,12/6/2025,December,STU0143,English,Intermediate,Linda,Cash,500000,50000,450000,Paid,Active,2025,4,December,49,Saturday
PAY02840,2/3/2025,February,STU0101,English,Advanced,Michael,Cash,700000,-50000,750000,Paid,Active,2025,1,February,6,Monday
PAY02841,3/7/2025,March,STU0366,IELTS,Beginner,Michael,Bank Transfer,650000,0,650000,Paid,Active,2025,1,March,10,Friday
PAY02842,9/12/2025,September,STU0125,Grammar,Advanced,Linda,Cash,650000,0,650000,Paid,Active,2025,3,September,37,Friday
PAY02843,8/2/2025,August,STU0101,English,Advanced,John,Bank Transfer,500000,100000,400000,Paid,Inactive,2025,3,August,31,Saturday
PAY02844,8/14/2025,August,STU0300,Math,Advanced,Sarah,Bank Transfer,750000,50000,700000,Paid,Active,2025,3,August,33,Thursday
PAY02845,12/17/2025,December,STU0350,Math,Intermediate,David,Bank Transfer,650000,-50000,700000,Paid,Active,2025,4,December,51,Wednesday
PAY02846,3/23/2025,March,STU0432,Speaking,Beginner,Unknown,Bank Transfer,500000,0,500000,Unpaid,Inactive,2025,1,March,12,Sunday
PAY02847,3/19/2025,March,STU0008,English,Intermediate,John,E-Wallet,650000,0,650000,Unpaid,Active,2025,1,March,12,Wednesday
PAY02848,7/21/2025,July,STU0202,IELTS,Beginner,Unknown,E-Wallet,500000,100000,400000,Unpaid,Active,2025,3,July,30,Monday
PAY02849,7/5/2025,July,STU0391,Speaking,Intermediate,John,Bank Transfer,700000,-50000,750000,Unpaid,Active,2025,3,July,27,Saturday
PAY02850,4/11/2025,April,STU0291,English,Intermediate,John,Bank Transfer,5000000,25000,4975000,Paid,Active,2025,2,April,15,Friday
PAY02851,3/27/2025,March,STU0198,IELTS,Intermediate,Sarah,Cash,650000,25000,625000,Unpaid,Inactive,2025,1,March,13,Thursday
PAY02852,5/11/2025,May,STU0425,Grammar,Advanced,Sarah,Cash,750000,0,750000,Unpaid,Active,2025,2,May,19,Sunday
PAY02853,12/11/2025,December,STU0263,English,Advanced,John,E-Wallet,500000,0,500000,Paid,Active,2025,4,December,50,Thursday
PAY02854,11/15/2025,November,STU0160,Math,Advanced,Unknown,E-Wallet,650000,0,650000,Paid,Active,2025,4,November,46,Saturday
PAY02855,5/15/2025,May,STU0123,IELTS,Advanced,David,Bank Transfer,650000,-50000,700000,Paid,Active,2025,2,May,20,Thursday
PAY02856,12/8/2025,December,STU0126,Speaking,Beginner,John,Unknown,700000,-50000,750000,Paid,Inactive,2025,4,December,50,Monday
PAY02857,2/9/2025,February,STU0208,English,Intermediate,David,Bank Transfer,700000,0,700000,Unpaid,Active,2025,1,February,6,Sunday
PAY02858,12/20/2025,December,STU0206,Speaking,Advanced,Emily,Bank Transfer,750000,50000,700000,Unpaid,Inactive,2025,4,December,51,Saturday
PAY02859,8/12/2025,August,STU0139,English,Intermediate,Unknown,Unknown,5000000,100000,4900000,Paid,Active,2025,3,August,33,Tuesday
PAY02860,2/2/2025,February,STU0091,Grammar,Intermediate,Emily,Cash,650000,50000,600000,Paid,Active,2025,1,February,5,Sunday
PAY02861,10/21/2025,October,STU0418,Grammar,Beginner,John,E-Wallet,5000000,50000,4950000,Paid,Active,2025,4,October,43,Tuesday
PAY02862,7/10/2025,July,STU0094,Math,Beginner,John,Bank Transfer,750000,50000,700000,Unpaid,Inactive,2025,3,July,28,Thursday
PAY02863,5/3/2025,May,STU0198,Math,Intermediate,John,Cash,5000000,0,5000000,Unpaid,Inactive,2025,2,May,18,Saturday
PAY02864,5/7/2025,May,STU0163,Speaking,Beginner,John,Bank Transfer,750000,0,750000,Paid,Active,2025,2,May,19,Wednesday
PAY02865,4/23/2025,April,STU0349,English,Beginner,Sarah,Cash,650000,0,650000,Paid,Active,2025,2,April,17,Wednesday
PAY02866,9/11/2025,September,STU0041,Grammar,Advanced,Sarah,Bank Transfer,650000,25000,625000,Paid,Active,2025,3,September,37,Thursday
PAY02867,6/12/2025,June,STU0337,Speaking,Advanced,Michael,Bank Transfer,650000,50000,600000,Paid,Active,2025,2,June,24,Thursday
PAY02868,5/13/2025,May,STU0100,IELTS,Advanced,John,Cash,750000,0,750000,Paid,Active,2025,2,May,20,Tuesday
PAY02869,6/24/2025,June,STU0068,English,Intermediate,Emily,Bank Transfer,650000,100000,550000,Paid,Inactive,2025,2,June,26,Tuesday
PAY02870,8/28/2025,August,STU0331,English,Advanced,Emily,Unknown,500000,50000,450000,Paid,Active,2025,3,August,35,Thursday
PAY02871,10/2/2025,October,STU0266,English,Beginner,John,Bank Transfer,500000,50000,450000,Unpaid,Inactive,2025,4,October,40,Thursday
PAY02872,3/7/2025,March,STU0340,TOEFL,Beginner,John,Cash,700000,25000,675000,Paid,Active,2025,1,March,10,Friday
PAY02873,4/27/2025,April,STU0322,Math,Intermediate,Michael,Cash,650000,100000,550000,Paid,Active,2025,2,April,17,Sunday
PAY02874,4/12/2025,April,STU0079,English,Beginner,John,E-Wallet,5000000,50000,4950000,Paid,Inactive,2025,2,April,15,Saturday
PAY02875,10/22/2025,October,STU0192,Grammar,Advanced,Linda,Bank Transfer,650000,50000,600000,Paid,Inactive,2025,4,October,43,Wednesday
PAY02876,3/19/2025,March,STU0458,IELTS,Beginner,David,Bank Transfer,650000,0,650000,Unpaid,Inactive,2025,1,March,12,Wednesday
PAY02877,7/1/2025,July,STU0045,Grammar,Beginner,John,Bank Transfer,650000,25000,625000,Paid,Active,2025,3,July,27,Tuesday
PAY02878,10/10/2025,October,STU0311,English,Beginner,Sarah,Unknown,500000,-50000,550000,Paid,Inactive,2025,4,October,41,Friday
PAY02879,7/15/2025,July,STU0080,English,Beginner,Emily,Cash,500000,0,500000,Paid,Inactive,2025,3,July,29,Tuesday
PAY02880,10/13/2025,October,STU0432,English,Advanced,David,E-Wallet,500000,100000,400000,Unpaid,Active,2025,4,October,42,Monday
PAY02881,9/2/2025,September,STU0068,IELTS,Beginner,Linda,Cash,700000,100000,600000,Paid,Inactive,2025,3,September,36,Tuesday
PAY02882,3/24/2025,March,STU0079,Grammar,Advanced,Unknown,Bank Transfer,500000,-50000,550000,Paid,Inactive,2025,1,March,13,Monday
PAY02883,4/2/2025,April,STU0421,Grammar,Beginner,Emily,Cash,750000,0,750000,Paid,Active,2025,2,April,14,Wednesday
PAY02884,5/5/2025,May,STU0059,English,Intermediate,John,Cash,650000,0,650000,Unpaid,Active,2025,2,May,19,Monday
PAY02885,2/23/2025,February,STU0118,Speaking,Beginner,Sarah,Bank Transfer,500000,100000,400000,Paid,Active,2025,1,February,8,Sunday
PAY02886,12/4/2025,December,STU0339,English,Advanced,David,Cash,650000,100000,550000,Unpaid,Inactive,2025,4,December,49,Thursday
PAY02887,10/20/2025,October,STU0375,Speaking,Intermediate,John,Bank Transfer,700000,100000,600000,Unpaid,Active,2025,4,October,43,Monday
PAY02888,10/19/2025,October,STU0189,Math,Intermediate,David,Cash,650000,0,650000,Paid,Active,2025,4,October,42,Sunday
PAY02889,6/18/2025,June,STU0344,Math,Advanced,John,E-Wallet,700000,0,700000,Paid,Active,2025,2,June,25,Wednesday
PAY02890,8/19/2025,August,STU0412,English,Beginner,John,Bank Transfer,700000,25000,675000,Paid,Active,2025,3,August,34,Tuesday
PAY02891,3/23/2025,March,STU0255,Math,Beginner,Sarah,Bank Transfer,500000,-50000,550000,Unpaid,Active,2025,1,March,12,Sunday
PAY02892,4/14/2025,April,STU0273,English,Intermediate,John,E-Wallet,750000,-50000,800000,Paid,Active,2025,2,April,16,Monday
PAY02893,4/21/2025,April,STU0248,TOEFL,Beginner,Unknown,Unknown,650000,100000,550000,Paid,Inactive,2025,2,April,17,Monday
PAY02894,8/13/2025,August,STU0357,English,Advanced,Sarah,Bank Transfer,500000,100000,400000,Unpaid,Inactive,2025,3,August,33,Wednesday
PAY02895,11/23/2025,November,STU0104,Math,Advanced,Sarah,Cash,5000000,0,5000000,Unpaid,Active,2025,4,November,47,Sunday
PAY02896,6/8/2025,June,STU0403,Grammar,Beginner,Linda,Cash,500000,-50000,550000,Paid,Active,2025,2,June,23,Sunday
PAY02897,3/23/2025,March,STU0013,Grammar,Intermediate,John,Bank Transfer,5000000,0,5000000,Unpaid,Active,2025,1,March,12,Sunday
PAY02898,5/26/2025,May,STU0072,English,Advanced,John,Bank Transfer,500000,0,500000,Unpaid,Active,2025,2,May,22,Monday
PAY02899,10/6/2025,October,STU0230,English,Intermediate,Sarah,Bank Transfer,750000,100000,650000,Paid,Active,2025,4,October,41,Monday
PAY02900,6/27/2025,June,STU0017,English,Intermediate,Linda,Bank Transfer,500000,50000,450000,Unpaid,Inactive,2025,2,June,26,Friday
PAY02901,8/29/2025,August,STU0500,Speaking,Advanced,John,E-Wallet,500000,-50000,550000,Paid,Active,2025,3,August,35,Friday
PAY02902,8/14/2025,August,STU0184,IELTS,Advanced,John,Bank Transfer,500000,0,500000,Unpaid,Inactive,2025,3,August,33,Thursday
PAY02903,1/26/2025,January,STU0092,Grammar,Intermediate,Sarah,Bank Transfer,5000000,100000,4900000,Paid,Inactive,2025,1,January,4,Sunday
PAY02904,8/25/2025,August,STU0041,Grammar,Advanced,David,E-Wallet,650000,100000,550000,Paid,Active,2025,3,August,35,Monday
PAY02905,11/10/2025,November,STU0223,TOEFL,Intermediate,Emily,Unknown,700000,50000,650000,Unpaid,Active,2025,4,November,46,Monday
PAY02906,4/24/2025,April,STU0157,Math,Intermediate,Unknown,E-Wallet,700000,0,700000,Paid,Inactive,2025,2,April,17,Thursday
PAY02907,11/8/2025,November,STU0146,TOEFL,Advanced,David,Bank Transfer,700000,50000,650000,Unpaid,Active,2025,4,November,45,Saturday
PAY02908,9/27/2025,September,STU0169,English,Beginner,Unknown,Cash,650000,25000,625000,Unpaid,Inactive,2025,3,September,39,Saturday
PAY02909,10/22/2025,October,STU0496,English,Advanced,John,Bank Transfer,500000,25000,475000,Paid,Inactive,2025,4,October,43,Wednesday
PAY02910,2/28/2025,February,STU0461,Grammar,Beginner,David,Cash,500000,100000,400000,Paid,Active,2025,1,February,9,Friday
PAY02911,7/9/2025,July,STU0399,IELTS,Beginner,Linda,Cash,750000,-50000,800000,Paid,Active,2025,3,July,28,Wednesday
PAY02912,5/23/2025,May,STU0076,TOEFL,Advanced,John,Unknown,700000,100000,600000,Paid,Inactive,2025,2,May,21,Friday
PAY02913,7/2/2025,July,STU0443,English,Intermediate,John,Unknown,650000,0,650000,Unpaid,Active,2025,3,July,27,Wednesday
PAY02914,4/8/2025,April,STU0430,English,Beginner,Sarah,Bank Transfer,5000000,50000,4950000,Paid,Inactive,2025,2,April,15,Tuesday
PAY02915,2/5/2025,February,STU0133,Grammar,Intermediate,John,Bank Transfer,700000,-50000,750000,Paid,Active,2025,1,February,6,Wednesday
PAY02916,4/25/2025,April,STU0094,TOEFL,Intermediate,Michael,Cash,500000,25000,475000,Paid,Inactive,2025,2,April,17,Friday
PAY02917,1/18/2025,January,STU0094,Speaking,Intermediate,Linda,Cash,650000,50000,600000,Paid,Active,2025,1,January,3,Saturday
PAY02918,6/4/2025,June,STU0259,English,Advanced,John,Cash,750000,0,750000,Paid,Active,2025,2,June,23,Wednesday
PAY02919,12/30/2025,December,STU0299,English,Beginner,Sarah,Cash,5000000,50000,4950000,Paid,Active,2025,4,December,1,Tuesday
PAY02920,8/13/2025,August,STU0020,Speaking,Beginner,Emily,Cash,500000,100000,400000,Paid,Inactive,2025,3,August,33,Wednesday
PAY02921,10/2/2025,October,STU0287,Speaking,Intermediate,John,Bank Transfer,500000,25000,475000,Paid,Active,2025,4,October,40,Thursday
PAY02922,6/22/2025,June,STU0079,TOEFL,Beginner,Michael,Cash,650000,25000,625000,Paid,Active,2025,2,June,25,Sunday
PAY02923,7/25/2025,July,STU0118,English,Beginner,Linda,Bank Transfer,650000,25000,625000,Unpaid,Active,2025,3,July,30,Friday
PAY02924,8/14/2025,August,STU0402,English,Intermediate,John,Bank Transfer,500000,0,500000,Unpaid,Inactive,2025,3,August,33,Thursday
PAY02925,9/2/2025,September,STU0030,IELTS,Intermediate,Emily,Bank Transfer,700000,25000,675000,Paid,Active,2025,3,September,36,Tuesday
PAY02926,3/30/2025,March,STU0418,English,Beginner,Linda,Cash,5000000,-50000,5050000,Paid,Active,2025,1,March,13,Sunday
PAY02927,3/9/2025,March,STU0035,English,Beginner,John,Cash,650000,-50000,700000,Paid,Inactive,2025,1,March,10,Sunday
PAY02928,12/5/2025,December,STU0030,English,Advanced,John,Unknown,700000,0,700000,Unpaid,Active,2025,4,December,49,Friday
PAY02929,2/22/2025,February,STU0212,Math,Advanced,Unknown,Unknown,750000,50000,700000,Paid,Active,2025,1,February,8,Saturday
PAY02930,1/26/2025,January,STU0275,English,Beginner,John,Cash,700000,0,700000,Paid,Active,2025,1,January,4,Sunday
PAY02931,9/16/2025,September,STU0021,Grammar,Intermediate,John,Unknown,650000,25000,625000,Paid,Active,2025,3,September,38,Tuesday
PAY02932,12/31/2025,December,STU0485,TOEFL,Intermediate,Linda,Cash,5000000,0,5000000,Paid,Active,2025,4,December,1,Wednesday
PAY02933,10/21/2025,October,STU0045,English,Beginner,Sarah,Bank Transfer,650000,0,650000,Paid,Active,2025,4,October,43,Tuesday
PAY02934,5/1/2025,May,STU0381,English,Advanced,Sarah,Bank Transfer,5000000,100000,4900000,Paid,Active,2025,2,May,18,Thursday
PAY02935,5/30/2025,May,STU0054,Speaking,Advanced,Emily,Bank Transfer,650000,-50000,700000,Paid,Active,2025,2,May,22,Friday
PAY02936,2/26/2025,February,STU0464,English,Intermediate,David,Bank Transfer,500000,25000,475000,Paid,Active,2025,1,February,9,Wednesday
PAY02937,4/4/2025,April,STU0077,IELTS,Beginner,John,Bank Transfer,500000,50000,450000,Unpaid,Active,2025,2,April,14,Friday
PAY02938,12/17/2025,December,STU0491,TOEFL,Beginner,John,Cash,5000000,0,5000000,Paid,Inactive,2025,4,December,51,Wednesday
PAY02939,4/14/2025,April,STU0464,English,Intermediate,Sarah,Unknown,700000,50000,650000,Paid,Active,2025,2,April,16,Monday
PAY02940,9/18/2025,September,STU0412,IELTS,Beginner,Emily,E-Wallet,500000,50000,450000,Paid,Active,2025,3,September,38,Thursday
PAY02941,9/17/2025,September,STU0161,TOEFL,Advanced,John,Bank Transfer,500000,-50000,550000,Unpaid,Inactive,2025,3,September,38,Wednesday
PAY02942,7/23/2025,July,STU0307,Grammar,Intermediate,Linda,Bank Transfer,650000,25000,625000,Paid,Active,2025,3,July,30,Wednesday
PAY02943,9/12/2025,September,STU0184,IELTS,Beginner,John,Cash,700000,25000,675000,Unpaid,Active,2025,3,September,37,Friday
PAY02944,10/5/2025,October,STU0335,Grammar,Advanced,Michael,Bank Transfer,650000,-50000,700000,Paid,Active,2025,4,October,40,Sunday
PAY02945,3/1/2025,March,STU0078,Grammar,Intermediate,Unknown,Bank Transfer,700000,100000,600000,Paid,Active,2025,1,March,9,Saturday
PAY02946,5/6/2025,May,STU0424,Speaking,Advanced,Michael,Cash,650000,0,650000,Unpaid,Active,2025,2,May,19,Tuesday
PAY02947,2/8/2025,February,STU0331,Grammar,Beginner,Linda,Bank Transfer,700000,-50000,750000,Paid,Active,2025,1,February,6,Saturday
PAY02948,4/25/2025,April,STU0437,TOEFL,Advanced,Michael,Cash,500000,50000,450000,Paid,Active,2025,2,April,17,Friday
PAY02949,4/1/2025,April,STU0191,Speaking,Advanced,Sarah,Cash,500000,25000,475000,Unpaid,Inactive,2025,2,April,14,Tuesday
PAY02950,8/11/2025,August,STU0153,English,Beginner,Unknown,Cash,5000000,100000,4900000,Paid,Active,2025,3,August,33,Monday
PAY02951,5/15/2025,May,STU0385,IELTS,Advanced,John,Cash,750000,50000,700000,Unpaid,Inactive,2025,2,May,20,Thursday
PAY02952,10/19/2025,October,STU0126,Grammar,Advanced,Emily,Unknown,750000,0,750000,Paid,Active,2025,4,October,42,Sunday
PAY02953,11/23/2025,November,STU0397,Math,Advanced,John,Cash,700000,100000,600000,Paid,Inactive,2025,4,November,47,Sunday
PAY02954,6/1/2025,June,STU0477,English,Beginner,Michael,Cash,500000,-50000,550000,Paid,Inactive,2025,2,June,22,Sunday
PAY02955,1/9/2025,January,STU0314,Speaking,Advanced,Linda,Unknown,500000,0,500000,Paid,Active,2025,1,January,2,Thursday
PAY02956,9/6/2025,September,STU0229,IELTS,Intermediate,Unknown,E-Wallet,500000,100000,400000,Paid,Active,2025,3,September,36,Saturday
PAY02957,10/22/2025,October,STU0057,English,Beginner,Linda,Bank Transfer,650000,-50000,700000,Unpaid,Active,2025,4,October,43,Wednesday
PAY02958,1/11/2025,January,STU0480,TOEFL,Advanced,Michael,E-Wallet,500000,0,-500000,Unpaid,Inactive,2025,1,January,2,Saturday
PAY02959,10/6/2025,October,STU0324,English,Intermediate,Michael,Bank Transfer,650000,0,-650000,Paid,Inactive,2025,4,October,41,Monday
PAY02960,10/9/2025,October,STU0474,English,Advanced,Michael,Cash,700000,-50000,750000,Paid,Active,2025,4,October,41,Thursday
PAY02961,1/31/2025,January,STU0084,English,Intermediate,Linda,Unknown,750000,-50000,800000,Paid,Inactive,2025,1,January,5,Friday
PAY02962,10/12/2025,October,STU0345,TOEFL,Beginner,John,Bank Transfer,5000000,-50000,5050000,Paid,Active,2025,4,October,41,Sunday
PAY02963,9/16/2025,September,STU0468,English,Beginner,John,Bank Transfer,500000,0,500000,Paid,Inactive,2025,3,September,38,Tuesday
PAY02964,8/11/2025,August,STU0098,IELTS,Advanced,Sarah,Unknown,500000,0,500000,Paid,Inactive,2025,3,August,33,Monday
PAY02965,4/26/2025,April,STU0261,TOEFL,Intermediate,Michael,Bank Transfer,500000,0,500000,Paid,Active,2025,2,April,17,Saturday
PAY02966,9/28/2025,September,STU0377,English,Intermediate,John,Bank Transfer,700000,0,700000,Unpaid,Active,2025,3,September,39,Sunday
PAY02967,11/30/2025,November,STU0423,IELTS,Beginner,Sarah,E-Wallet,750000,0,750000,Paid,Active,2025,4,November,48,Sunday
PAY02968,5/7/2025,May,STU0228,English,Beginner,John,E-Wallet,5000000,25000,4975000,Paid,Active,2025,2,May,19,Wednesday
PAY02969,6/30/2025,June,STU0278,Speaking,Intermediate,John,Bank Transfer,5000000,-50000,5050000,Paid,Active,2025,2,June,27,Monday
PAY02970,3/19/2025,March,STU0421,English,Advanced,John,Unknown,750000,50000,700000,Paid,Active,2025,1,March,12,Wednesday
PAY02971,10/22/2025,October,STU0158,IELTS,Intermediate,Emily,Bank Transfer,650000,50000,600000,Paid,Active,2025,4,October,43,Wednesday
PAY02972,12/10/2025,December,STU0454,IELTS,Advanced,Unknown,Cash,500000,100000,400000,Unpaid,Active,2025,4,December,50,Wednesday
PAY02973,11/18/2025,November,STU0303,Speaking,Beginner,John,E-Wallet,650000,-50000,700000,Paid,Active,2025,4,November,47,Tuesday
PAY02974,9/6/2025,September,STU0305,English,Intermediate,John,Bank Transfer,5000000,0,5000000,Paid,Active,2025,3,September,36,Saturday
PAY02975,12/18/2025,December,STU0261,TOEFL,Advanced,Sarah,Unknown,750000,50000,700000,Unpaid,Active,2025,4,December,51,Thursday
PAY02976,7/30/2025,July,STU0266,Grammar,Beginner,John,Cash,650000,50000,600000,Paid,Active,2025,3,July,31,Wednesday
PAY02977,7/14/2025,July,STU0149,Grammar,Beginner,Unknown,Bank Transfer,5000000,-50000,5050000,Paid,Active,2025,3,July,29,Monday
PAY02978,1/6/2025,January,STU0017,IELTS,Intermediate,Michael,Bank Transfer,650000,0,650000,Paid,Active,2025,1,January,2,Monday
PAY02979,7/24/2025,July,STU0010,IELTS,Intermediate,Sarah,Unknown,5000000,-50000,5050000,Unpaid,Active,2025,3,July,30,Thursday
PAY02980,9/24/2025,September,STU0277,TOEFL,Advanced,John,Bank Transfer,650000,0,650000,Unpaid,Active,2025,3,September,39,Wednesday
PAY02981,12/8/2025,December,STU0135,Math,Advanced,Emily,Bank Transfer,5000000,-50000,5050000,Paid,Active,2025,4,December,50,Monday
PAY02982,3/18/2025,March,STU0109,English,Advanced,Emily,Cash,700000,0,700000,Unpaid,Active,2025,1,March,12,Tuesday
PAY02983,2/22/2025,February,STU0487,Grammar,Intermediate,David,Cash,650000,0,650000,Paid,Active,2025,1,February,8,Saturday
PAY02984,10/17/2025,October,STU0460,Speaking,Intermediate,John,E-Wallet,750000,-50000,800000,Paid,Active,2025,4,October,42,Friday
PAY02985,1/10/2025,January,STU0450,English,Beginner,Sarah,Cash,5000000,100000,4900000,Paid,Active,2025,1,January,2,Friday
PAY02986,7/10/2025,July,STU0152,Speaking,Intermediate,Michael,E-Wallet,500000,25000,475000,Paid,Active,2025,3,July,28,Thursday
PAY02987,7/21/2025,July,STU0217,English,Intermediate,Michael,Bank Transfer,700000,0,700000,Paid,Active,2025,3,July,30,Monday
PAY02988,3/14/2025,March,STU0313,English,Intermediate,Michael,Bank Transfer,500000,50000,450000,Unpaid,Inactive,2025,1,March,11,Friday
PAY02989,4/5/2025,April,STU0121,TOEFL,Advanced,David,Bank Transfer,500000,-50000,-550000,Paid,Active,2025,2,April,14,Saturday
PAY02990,9/13/2025,September,STU0148,Grammar,Intermediate,Unknown,Bank Transfer,750000,100000,650000,Paid,Active,2025,3,September,37,Saturday
PAY02991,6/17/2025,June,STU0161,English,Intermediate,Sarah,Bank Transfer,500000,25000,475000,Unpaid,Active,2025,2,June,25,Tuesday
PAY02992,6/28/2025,June,STU0442,English,Beginner,Linda,Bank Transfer,500000,25000,475000,Paid,Inactive,2025,2,June,26,Saturday
PAY02993,2/16/2025,February,STU0328,IELTS,Advanced,John,Bank Transfer,750000,25000,725000,Paid,Active,2025,1,February,7,Sunday
PAY02994,5/19/2025,May,STU0365,Grammar,Advanced,Emily,Bank Transfer,5000000,50000,4950000,Paid,Active,2025,2,May,21,Monday
PAY02995,3/29/2025,March,STU0052,English,Beginner,Sarah,Bank Transfer,650000,0,650000,Unpaid,Active,2025,1,March,13,Saturday
PAY02996,11/11/2025,November,STU0470,English,Advanced,John,Bank Transfer,750000,0,750000,Unpaid,Active,2025,4,November,46,Tuesday
PAY02997,5/13/2025,May,STU0118,Grammar,Advanced,Linda,Bank Transfer,750000,50000,700000,Paid,Active,2025,2,May,20,Tuesday
PAY02998,8/13/2025,August,STU0298,Speaking,Advanced,Unknown,Bank Transfer,500000,100000,400000,Paid,Active,2025,3,August,33,Wednesday
PAY02999,5/29/2025,May,STU0262,English,Beginner,Linda,Cash,500000,50000,450000,Paid,Inactive,2025,2,May,22,Thursday
PAY03000,8/4/2025,August,STU0423,IELTS,Intermediate,John,E-Wallet,500000,0,500000,Unpaid,Inactive,2025,3,August,32,Monday
